,existingchecking,duration,credithistory,purpose,creditamount,savings,employmentsince,installmentrate,statussex,otherdebtors,residencesince,property,age,otherinstallmentplans,housing,existingcredits,job,peopleliable,telephone,foreignworker,classification
0,A11,6,A34,A43,1169,A65,A75,4,A93,A101,4,A121,67,A143,A152,2,A173,1,A192,A201,1
1,A12,48,A32,A43,5951,A61,A73,2,A92,A101,2,A121,22,A143,A152,1,A173,1,A191,A201,2
2,A14,12,A34,A46,2096,A61,A74,2,A93,A101,3,A121,49,A143,A152,1,A172,2,A191,A201,1
3,A11,42,A32,A42,7882,A61,A74,2,A93,A103,4,A122,45,A143,A153,1,A173,2,A191,A201,1
4,A11,24,A33,A40,4870,A61,A73,3,A93,A101,4,A124,53,A143,A153,2,A173,2,A191,A201,2
5,A14,36,A32,A46,9055,A65,A73,2,A93,A101,4,A124,35,A143,A153,1,A172,2,A192,A201,1
6,A14,24,A32,A42,2835,A63,A75,3,A93,A101,4,A122,53,A143,A152,1,A173,1,A191,A201,1
7,A12,36,A32,A41,6948,A61,A73,2,A93,A101,2,A123,35,A143,A151,1,A174,1,A192,A201,1
8,A14,12,A32,A43,3059,A64,A74,2,A91,A101,4,A121,61,A143,A152,1,A172,1,A191,A201,1
9,A12,30,A34,A40,5234,A61,A71,4,A94,A101,2,A123,28,A143,A152,2,A174,1,A191,A201,2
10,A12,12,A32,A40,1295,A61,A72,3,A92,A101,1,A123,25,A143,A151,1,A173,1,A191,A201,2
11,A11,48,A32,A49,4308,A61,A72,3,A92,A101,4,A122,24,A143,A151,1,A173,1,A191,A201,2
12,A12,12,A32,A43,1567,A61,A73,1,A92,A101,1,A123,22,A143,A152,1,A173,1,A192,A201,1
13,A11,24,A34,A40,1199,A61,A75,4,A93,A101,4,A123,60,A143,A152,2,A172,1,A191,A201,2
14,A11,15,A32,A40,1403,A61,A73,2,A92,A101,4,A123,28,A143,A151,1,A173,1,A191,A201,1
15,A11,24,A32,A43,1282,A62,A73,4,A92,A101,2,A123,32,A143,A152,1,A172,1,A191,A201,2
16,A14,24,A34,A43,2424,A65,A75,4,A93,A101,4,A122,53,A143,A152,2,A173,1,A191,A201,1
17,A11,30,A30,A49,8072,A65,A72,2,A93,A101,3,A123,25,A141,A152,3,A173,1,A191,A201,1
18,A12,24,A32,A41,12579,A61,A75,4,A92,A101,2,A124,44,A143,A153,1,A174,1,A192,A201,2
19,A14,24,A32,A43,3430,A63,A75,3,A93,A101,2,A123,31,A143,A152,1,A173,2,A192,A201,1
20,A14,9,A34,A40,2134,A61,A73,4,A93,A101,4,A123,48,A143,A152,3,A173,1,A192,A201,1
21,A11,6,A32,A43,2647,A63,A73,2,A93,A101,3,A121,44,A143,A151,1,A173,2,A191,A201,1
22,A11,10,A34,A40,2241,A61,A72,1,A93,A101,3,A121,48,A143,A151,2,A172,2,A191,A202,1
23,A12,12,A34,A41,1804,A62,A72,3,A93,A101,4,A122,44,A143,A152,1,A173,1,A191,A201,1
24,A14,10,A34,A42,2069,A65,A73,2,A94,A101,1,A123,26,A143,A152,2,A173,1,A191,A202,1
25,A11,6,A32,A42,1374,A61,A73,1,A93,A101,2,A121,36,A141,A152,1,A172,1,A192,A201,1
26,A14,6,A30,A43,426,A61,A75,4,A94,A101,4,A123,39,A143,A152,1,A172,1,A191,A201,1
27,A13,12,A31,A43,409,A64,A73,3,A92,A101,3,A121,42,A143,A151,2,A173,1,A191,A201,1
28,A12,7,A32,A43,2415,A61,A73,3,A93,A103,2,A121,34,A143,A152,1,A173,1,A191,A201,1
29,A11,60,A33,A49,6836,A61,A75,3,A93,A101,4,A124,63,A143,A152,2,A173,1,A192,A201,2
30,A12,18,A32,A49,1913,A64,A72,3,A94,A101,3,A121,36,A141,A152,1,A173,1,A192,A201,1
31,A11,24,A32,A42,4020,A61,A73,2,A93,A101,2,A123,27,A142,A152,1,A173,1,A191,A201,1
32,A12,18,A32,A40,5866,A62,A73,2,A93,A101,2,A123,30,A143,A152,2,A173,1,A192,A201,1
33,A14,12,A34,A49,1264,A65,A75,4,A93,A101,4,A124,57,A143,A151,1,A172,1,A191,A201,1
34,A13,12,A32,A42,1474,A61,A72,4,A92,A101,1,A122,33,A141,A152,1,A174,1,A192,A201,1
35,A12,45,A34,A43,4746,A61,A72,4,A93,A101,2,A122,25,A143,A152,2,A172,1,A191,A201,2
36,A14,48,A34,A46,6110,A61,A73,1,A93,A101,3,A124,31,A141,A153,1,A173,1,A192,A201,1
37,A13,18,A32,A43,2100,A61,A73,4,A93,A102,2,A121,37,A142,A152,1,A173,1,A191,A201,2
38,A13,10,A32,A44,1225,A61,A73,2,A93,A101,2,A123,37,A143,A152,1,A173,1,A192,A201,1
39,A12,9,A32,A43,458,A61,A73,4,A93,A101,3,A121,24,A143,A152,1,A173,1,A191,A201,1
40,A14,30,A32,A43,2333,A63,A75,4,A93,A101,2,A123,30,A141,A152,1,A174,1,A191,A201,1
41,A12,12,A32,A43,1158,A63,A73,3,A91,A101,1,A123,26,A143,A152,1,A173,1,A192,A201,1
42,A12,18,A33,A45,6204,A61,A73,2,A93,A101,4,A121,44,A143,A152,1,A172,2,A192,A201,1
43,A11,30,A34,A41,6187,A62,A74,1,A94,A101,4,A123,24,A143,A151,2,A173,1,A191,A201,1
44,A11,48,A34,A41,6143,A61,A75,4,A92,A101,4,A124,58,A142,A153,2,A172,1,A191,A201,2
45,A14,11,A34,A40,1393,A61,A72,4,A92,A101,4,A123,35,A143,A152,2,A174,1,A191,A201,1
46,A14,36,A32,A43,2299,A63,A75,4,A93,A101,4,A123,39,A143,A152,1,A173,1,A191,A201,1
47,A11,6,A32,A41,1352,A63,A71,1,A92,A101,2,A122,23,A143,A151,1,A171,1,A192,A201,1
48,A14,11,A34,A40,7228,A61,A73,1,A93,A101,4,A122,39,A143,A152,2,A172,1,A191,A201,1
49,A14,12,A32,A43,2073,A62,A73,4,A92,A102,2,A121,28,A143,A152,1,A173,1,A191,A201,1
50,A12,24,A33,A42,2333,A65,A72,4,A93,A101,2,A122,29,A141,A152,1,A172,1,A191,A201,1
51,A12,27,A33,A41,5965,A61,A75,1,A93,A101,2,A123,30,A143,A152,2,A174,1,A192,A201,1
52,A14,12,A32,A43,1262,A61,A73,3,A93,A101,2,A123,25,A143,A152,1,A173,1,A191,A201,1
53,A14,18,A32,A41,3378,A65,A73,2,A93,A101,1,A122,31,A143,A152,1,A173,1,A192,A201,1
54,A12,36,A33,A40,2225,A61,A75,4,A93,A101,4,A124,57,A141,A153,2,A173,1,A192,A201,2
55,A14,6,A31,A40,783,A65,A73,1,A93,A103,2,A121,26,A142,A152,1,A172,2,A191,A201,1
56,A12,12,A32,A43,6468,A65,A71,2,A93,A101,1,A124,52,A143,A152,1,A174,1,A192,A201,2
57,A14,36,A34,A43,9566,A61,A73,2,A92,A101,2,A123,31,A142,A152,2,A173,1,A191,A201,1
58,A13,18,A32,A40,1961,A61,A75,3,A92,A101,2,A123,23,A143,A152,1,A174,1,A191,A201,1
59,A11,36,A34,A42,6229,A61,A72,4,A92,A102,4,A124,23,A143,A151,2,A172,1,A192,A201,2
60,A12,9,A32,A49,1391,A61,A73,2,A94,A101,1,A121,27,A141,A152,1,A173,1,A192,A201,1
61,A12,15,A34,A43,1537,A65,A75,4,A93,A103,4,A121,50,A143,A152,2,A173,1,A192,A201,1
62,A12,36,A30,A49,1953,A61,A75,4,A93,A101,4,A124,61,A143,A153,1,A174,1,A192,A201,2
63,A12,48,A30,A49,14421,A61,A73,2,A93,A101,2,A123,25,A143,A152,1,A173,1,A192,A201,2
64,A14,24,A32,A43,3181,A61,A72,4,A92,A101,4,A122,26,A143,A152,1,A173,1,A192,A201,1
65,A14,27,A32,A45,5190,A65,A75,4,A93,A101,4,A122,48,A143,A152,4,A173,2,A192,A201,1
66,A14,12,A32,A43,2171,A61,A72,2,A92,A101,2,A123,29,A141,A152,1,A173,1,A191,A201,1
67,A12,12,A32,A40,1007,A64,A73,4,A94,A101,1,A121,22,A143,A152,1,A173,1,A191,A201,1
68,A14,36,A32,A46,1819,A61,A73,4,A93,A101,4,A124,37,A142,A153,1,A173,1,A192,A201,2
69,A14,36,A32,A43,2394,A65,A73,4,A92,A101,4,A123,25,A143,A152,1,A173,1,A191,A201,1
70,A14,36,A32,A41,8133,A61,A73,1,A92,A101,2,A122,30,A141,A152,1,A173,1,A191,A201,1
71,A14,7,A34,A43,730,A65,A75,4,A93,A101,2,A122,46,A143,A151,2,A172,1,A192,A201,1
72,A11,8,A34,A410,1164,A61,A75,3,A93,A101,4,A124,51,A141,A153,2,A174,2,A192,A201,1
73,A12,42,A34,A49,5954,A61,A74,2,A92,A101,1,A121,41,A141,A152,2,A172,1,A191,A201,1
74,A11,36,A32,A46,1977,A65,A75,4,A93,A101,4,A124,40,A143,A152,1,A174,1,A192,A201,2
75,A11,12,A34,A41,1526,A61,A75,4,A93,A101,4,A124,66,A143,A153,2,A174,1,A191,A201,1
76,A11,42,A32,A43,3965,A61,A72,4,A93,A101,3,A123,34,A143,A152,1,A173,1,A191,A201,2
77,A12,11,A33,A43,4771,A61,A74,2,A93,A101,4,A122,51,A143,A152,1,A173,1,A191,A201,1
78,A14,54,A30,A41,9436,A65,A73,2,A93,A101,2,A122,39,A143,A152,1,A172,2,A191,A201,1
79,A12,30,A32,A42,3832,A61,A72,2,A94,A101,1,A122,22,A143,A152,1,A173,1,A191,A201,1
80,A14,24,A32,A43,5943,A65,A72,1,A92,A101,1,A123,44,A143,A152,2,A173,1,A192,A201,2
81,A14,15,A32,A43,1213,A63,A75,4,A93,A101,3,A122,47,A142,A152,1,A173,1,A192,A201,1
82,A14,18,A32,A49,1568,A62,A73,3,A92,A101,4,A122,24,A143,A151,1,A172,1,A191,A201,1
83,A11,24,A32,A410,1755,A61,A75,4,A92,A103,4,A121,58,A143,A152,1,A172,1,A192,A201,1
84,A11,10,A32,A43,2315,A61,A75,3,A93,A101,4,A121,52,A143,A152,1,A172,1,A191,A201,1
85,A14,12,A34,A49,1412,A61,A73,4,A92,A103,2,A121,29,A143,A152,2,A174,1,A192,A201,1
86,A12,18,A34,A42,1295,A61,A72,4,A92,A101,1,A122,27,A143,A152,2,A173,1,A191,A201,1
87,A12,36,A32,A46,12612,A62,A73,1,A93,A101,4,A124,47,A143,A153,1,A173,2,A192,A201,2
88,A11,18,A32,A40,2249,A62,A74,4,A93,A101,3,A123,30,A143,A152,1,A174,2,A192,A201,1
89,A11,12,A30,A45,1108,A61,A74,4,A93,A101,3,A121,28,A143,A152,2,A173,1,A191,A201,2
90,A14,12,A34,A43,618,A61,A75,4,A93,A101,4,A121,56,A143,A152,1,A173,1,A191,A201,1
91,A11,12,A34,A41,1409,A61,A75,4,A93,A101,3,A121,54,A143,A152,1,A173,1,A191,A201,1
92,A14,12,A34,A43,797,A65,A75,4,A92,A101,3,A122,33,A141,A152,1,A172,2,A191,A201,2
93,A13,24,A34,A42,3617,A65,A75,4,A93,A102,4,A124,20,A143,A151,2,A173,1,A191,A201,1
94,A12,12,A32,A40,1318,A64,A75,4,A93,A101,4,A121,54,A143,A152,1,A173,1,A192,A201,1
95,A12,54,A30,A49,15945,A61,A72,3,A93,A101,4,A124,58,A143,A151,1,A173,1,A192,A201,2
96,A14,12,A34,A46,2012,A65,A74,4,A92,A101,2,A123,61,A143,A152,1,A173,1,A191,A201,1
97,A12,18,A32,A49,2622,A62,A73,4,A93,A101,4,A123,34,A143,A152,1,A173,1,A191,A201,1
98,A12,36,A34,A43,2337,A61,A75,4,A93,A101,4,A121,36,A143,A152,1,A173,1,A191,A201,1
99,A12,20,A33,A41,7057,A65,A74,3,A93,A101,4,A122,36,A141,A151,2,A174,2,A192,A201,1
100,A14,24,A32,A40,1469,A62,A75,4,A94,A101,4,A121,41,A143,A151,1,A172,1,A191,A201,1
101,A12,36,A32,A43,2323,A61,A74,4,A93,A101,4,A123,24,A143,A151,1,A173,1,A191,A201,1
102,A14,6,A33,A43,932,A61,A73,3,A92,A101,2,A121,24,A143,A152,1,A173,1,A191,A201,1
103,A12,9,A34,A42,1919,A61,A74,4,A93,A101,3,A123,35,A143,A151,1,A173,1,A192,A201,1
104,A14,12,A32,A41,2445,A65,A72,2,A94,A101,4,A123,26,A143,A151,1,A173,1,A192,A201,1
105,A12,24,A34,A410,11938,A61,A73,2,A93,A102,3,A123,39,A143,A152,2,A174,2,A192,A201,2
106,A14,18,A31,A40,6458,A61,A75,2,A93,A101,4,A124,39,A141,A152,2,A174,2,A192,A201,2
107,A12,12,A32,A40,6078,A61,A74,2,A93,A101,2,A123,32,A143,A152,1,A173,1,A191,A201,1
108,A11,24,A32,A42,7721,A65,A72,1,A92,A101,2,A122,30,A143,A152,1,A173,1,A192,A202,1
109,A12,14,A32,A49,1410,A63,A75,1,A94,A101,2,A121,35,A143,A152,1,A173,1,A192,A201,1
110,A12,6,A33,A49,1449,A62,A75,1,A91,A101,2,A123,31,A141,A152,2,A173,2,A191,A201,1
111,A13,15,A32,A46,392,A61,A72,4,A92,A101,4,A122,23,A143,A151,1,A173,1,A192,A201,1
112,A12,18,A32,A40,6260,A61,A74,3,A93,A101,3,A121,28,A143,A151,1,A172,1,A191,A201,1
113,A14,36,A34,A40,7855,A61,A73,4,A92,A101,2,A121,25,A142,A152,2,A173,1,A192,A201,2
114,A11,12,A32,A43,1680,A63,A75,3,A94,A101,1,A121,35,A143,A152,1,A173,1,A191,A201,1
115,A14,48,A34,A43,3578,A65,A75,4,A93,A101,1,A121,47,A143,A152,1,A173,1,A192,A201,1
116,A11,42,A32,A43,7174,A65,A74,4,A92,A101,3,A123,30,A143,A152,1,A174,1,A192,A201,2
117,A11,10,A34,A42,2132,A65,A72,2,A92,A102,3,A121,27,A143,A151,2,A173,1,A191,A202,1
118,A11,33,A34,A42,4281,A63,A73,1,A92,A101,4,A123,23,A143,A152,2,A173,1,A191,A201,2
119,A12,12,A34,A40,2366,A63,A74,3,A91,A101,3,A123,36,A143,A152,1,A174,1,A192,A201,1
120,A11,21,A32,A43,1835,A61,A73,3,A92,A101,2,A121,25,A143,A152,2,A173,1,A192,A201,2
121,A14,24,A34,A41,3868,A61,A75,4,A92,A101,2,A123,41,A143,A151,2,A174,1,A192,A201,1
122,A14,12,A32,A42,1768,A61,A73,3,A93,A101,2,A121,24,A143,A151,1,A172,1,A191,A201,1
123,A13,10,A34,A40,781,A61,A75,4,A93,A101,4,A124,63,A143,A153,2,A173,1,A192,A201,1
124,A12,18,A32,A42,1924,A65,A72,4,A92,A101,3,A121,27,A143,A151,1,A173,1,A191,A201,2
125,A11,12,A34,A40,2121,A61,A73,4,A93,A101,2,A122,30,A143,A152,2,A173,1,A191,A201,1
126,A11,12,A32,A43,701,A61,A73,4,A94,A101,2,A121,40,A143,A152,1,A172,1,A191,A201,1
127,A12,12,A32,A45,639,A61,A73,4,A93,A101,2,A123,30,A143,A152,1,A173,1,A191,A201,2
128,A12,12,A34,A41,1860,A61,A71,4,A93,A101,2,A123,34,A143,A152,2,A174,1,A192,A201,1
129,A11,12,A34,A40,3499,A61,A73,3,A92,A102,2,A121,29,A143,A152,2,A173,1,A191,A201,2
130,A12,48,A32,A40,8487,A65,A74,1,A92,A101,2,A123,24,A143,A152,1,A173,1,A191,A201,1
131,A11,36,A33,A46,6887,A61,A73,4,A93,A101,3,A122,29,A142,A152,1,A173,1,A192,A201,2
132,A14,15,A32,A42,2708,A61,A72,2,A93,A101,3,A122,27,A141,A152,2,A172,1,A191,A201,1
133,A14,18,A32,A42,1984,A61,A73,4,A93,A101,4,A124,47,A141,A153,2,A173,1,A191,A201,1
134,A14,60,A32,A43,10144,A62,A74,2,A92,A101,4,A121,21,A143,A152,1,A173,1,A192,A201,1
135,A14,12,A34,A43,1240,A65,A75,4,A92,A101,2,A121,38,A143,A152,2,A173,1,A192,A201,1
136,A14,27,A33,A41,8613,A64,A73,2,A93,A101,2,A123,27,A143,A152,2,A173,1,A191,A201,1
137,A12,12,A32,A43,766,A63,A73,4,A93,A101,3,A121,66,A143,A152,1,A172,1,A191,A201,2
138,A12,15,A34,A43,2728,A65,A74,4,A93,A103,2,A121,35,A141,A152,3,A173,1,A192,A201,1
139,A13,12,A32,A43,1881,A61,A73,2,A92,A101,2,A123,44,A143,A151,1,A172,1,A192,A201,1
140,A13,6,A32,A40,709,A64,A72,2,A94,A101,2,A121,27,A143,A152,1,A171,1,A191,A202,1
141,A12,36,A32,A43,4795,A61,A72,4,A92,A101,1,A124,30,A143,A152,1,A174,1,A192,A201,1
142,A11,27,A32,A43,3416,A61,A73,3,A93,A101,2,A123,27,A143,A152,1,A174,1,A191,A201,1
143,A11,18,A32,A42,2462,A61,A73,2,A93,A101,2,A123,22,A143,A152,1,A173,1,A191,A201,2
144,A14,21,A34,A42,2288,A61,A72,4,A92,A101,4,A122,23,A143,A152,1,A173,1,A192,A201,1
145,A12,48,A31,A49,3566,A62,A74,4,A93,A101,2,A123,30,A143,A152,1,A173,1,A191,A201,1
146,A11,6,A34,A40,860,A61,A75,1,A92,A101,4,A124,39,A143,A152,2,A173,1,A192,A201,1
147,A14,12,A34,A40,682,A62,A74,4,A92,A101,3,A123,51,A143,A152,2,A173,1,A192,A201,1
148,A11,36,A34,A42,5371,A61,A73,3,A93,A103,2,A122,28,A143,A152,2,A173,1,A191,A201,1
149,A14,18,A34,A43,1582,A64,A75,4,A93,A101,4,A123,46,A143,A152,2,A173,1,A191,A201,1
150,A14,6,A32,A43,1346,A62,A75,2,A93,A101,4,A124,42,A141,A153,1,A173,2,A192,A201,1
151,A14,10,A32,A43,1924,A61,A73,1,A93,A101,4,A122,38,A143,A152,1,A173,1,A192,A202,1
152,A13,36,A32,A43,5848,A61,A73,4,A93,A101,1,A123,24,A143,A152,1,A173,1,A191,A201,1
153,A12,24,A34,A41,7758,A64,A75,2,A92,A101,4,A124,29,A143,A151,1,A173,1,A191,A201,1
154,A12,24,A33,A49,6967,A62,A74,4,A93,A101,4,A123,36,A143,A151,1,A174,1,A192,A201,1
155,A11,12,A32,A42,1282,A61,A73,2,A92,A101,4,A123,20,A143,A151,1,A173,1,A191,A201,2
156,A11,9,A34,A45,1288,A62,A75,3,A93,A103,4,A121,48,A143,A152,2,A173,2,A191,A202,1
157,A11,12,A31,A48,339,A61,A75,4,A94,A101,1,A123,45,A141,A152,1,A172,1,A191,A201,1
158,A12,24,A32,A40,3512,A62,A74,2,A93,A101,3,A123,38,A141,A152,2,A173,1,A192,A201,1
159,A14,6,A34,A43,1898,A65,A73,1,A93,A101,2,A121,34,A143,A152,2,A172,2,A191,A201,1
160,A14,24,A34,A43,2872,A62,A75,3,A93,A101,4,A121,36,A143,A152,1,A173,2,A192,A201,1
161,A14,18,A34,A40,1055,A61,A72,4,A92,A101,1,A122,30,A143,A152,2,A173,1,A191,A201,1
162,A14,15,A32,A44,1262,A63,A74,4,A93,A101,3,A122,36,A143,A152,2,A173,1,A192,A201,1
163,A12,10,A32,A40,7308,A61,A71,2,A93,A101,4,A124,70,A141,A153,1,A174,1,A192,A201,1
164,A14,36,A32,A40,909,A63,A75,4,A93,A101,4,A122,36,A143,A152,1,A173,1,A191,A201,1
165,A14,6,A32,A42,2978,A63,A73,1,A93,A101,2,A123,32,A143,A152,1,A173,1,A192,A201,1
166,A11,18,A32,A42,1131,A61,A71,4,A92,A101,2,A123,33,A143,A152,1,A173,1,A191,A201,2
167,A12,11,A32,A42,1577,A64,A72,4,A92,A101,1,A121,20,A143,A152,1,A173,1,A191,A201,1
168,A14,24,A32,A42,3972,A61,A74,2,A92,A101,4,A122,25,A143,A151,1,A173,1,A192,A201,1
169,A12,24,A34,A49,1935,A61,A75,4,A91,A101,4,A121,31,A143,A152,2,A173,1,A192,A201,2
170,A11,15,A30,A40,950,A61,A75,4,A93,A101,3,A123,33,A143,A151,2,A173,2,A191,A201,2
171,A14,12,A32,A42,763,A61,A73,4,A92,A101,1,A121,26,A143,A152,1,A173,1,A192,A201,1
172,A12,24,A33,A42,2064,A61,A71,3,A92,A101,2,A122,34,A143,A152,1,A174,1,A192,A201,2
173,A12,8,A32,A43,1414,A61,A73,4,A93,A103,2,A121,33,A143,A152,1,A173,1,A191,A202,1
174,A11,21,A33,A46,3414,A61,A72,2,A93,A101,1,A122,26,A143,A152,2,A173,1,A191,A201,2
175,A14,30,A31,A41,7485,A65,A71,4,A92,A101,1,A121,53,A141,A152,1,A174,1,A192,A201,2
176,A11,12,A32,A42,2577,A61,A73,2,A91,A101,1,A123,42,A143,A152,1,A173,1,A191,A201,1
177,A11,6,A34,A43,338,A63,A75,4,A93,A101,4,A123,52,A143,A152,2,A173,1,A191,A201,1
178,A14,12,A32,A43,1963,A61,A74,4,A93,A101,2,A123,31,A143,A151,2,A174,2,A192,A201,1
179,A11,21,A34,A40,571,A61,A75,4,A93,A101,4,A121,65,A143,A152,2,A173,1,A191,A201,1
180,A14,36,A33,A49,9572,A61,A72,1,A91,A101,1,A123,28,A143,A152,2,A173,1,A191,A201,2
181,A12,36,A33,A49,4455,A61,A73,2,A91,A101,2,A121,30,A142,A152,2,A174,1,A192,A201,2
182,A11,21,A31,A40,1647,A65,A73,4,A93,A101,2,A122,40,A143,A152,2,A172,2,A191,A201,2
183,A14,24,A34,A42,3777,A64,A73,4,A93,A101,4,A121,50,A143,A152,1,A173,1,A192,A201,1
184,A12,18,A34,A40,884,A61,A75,4,A93,A101,4,A123,36,A141,A152,1,A173,2,A192,A201,2
185,A14,15,A34,A43,1360,A61,A73,4,A93,A101,2,A122,31,A143,A152,2,A173,1,A191,A201,1
186,A12,9,A31,A41,5129,A61,A75,2,A92,A101,4,A124,74,A141,A153,1,A174,2,A192,A201,2
187,A12,16,A34,A40,1175,A61,A71,2,A93,A101,3,A123,68,A143,A153,3,A171,1,A192,A201,1
188,A11,12,A32,A43,674,A62,A74,4,A94,A101,1,A122,20,A143,A152,1,A173,1,A191,A201,2
189,A12,18,A30,A42,3244,A61,A73,1,A92,A101,4,A123,33,A141,A152,2,A173,1,A192,A201,1
190,A14,24,A32,A49,4591,A64,A73,2,A93,A101,3,A122,54,A143,A152,3,A174,1,A192,A201,2
191,A12,48,A30,A49,3844,A62,A74,4,A93,A101,4,A124,34,A143,A153,1,A172,2,A191,A201,2
192,A12,27,A32,A49,3915,A61,A73,4,A93,A101,2,A123,36,A143,A152,1,A173,2,A192,A201,2
193,A14,6,A32,A43,2108,A61,A74,2,A94,A101,2,A121,29,A143,A151,1,A173,1,A191,A201,1
194,A12,45,A32,A43,3031,A62,A73,4,A93,A103,4,A122,21,A143,A151,1,A173,1,A191,A201,2
195,A12,9,A34,A46,1501,A61,A75,2,A92,A101,3,A123,34,A143,A152,2,A174,1,A192,A201,2
196,A14,6,A34,A43,1382,A61,A73,1,A92,A101,1,A123,28,A143,A152,2,A173,1,A192,A201,1
197,A12,12,A32,A42,951,A62,A72,4,A92,A101,4,A123,27,A141,A151,4,A173,1,A191,A201,2
198,A12,24,A32,A41,2760,A65,A75,4,A93,A101,4,A124,36,A141,A153,1,A173,1,A192,A201,1
199,A12,18,A33,A42,4297,A61,A75,4,A91,A101,3,A124,40,A143,A152,1,A174,1,A192,A201,2
200,A14,9,A34,A46,936,A63,A75,4,A93,A101,2,A123,52,A143,A152,2,A173,1,A192,A201,1
201,A11,12,A32,A40,1168,A61,A73,4,A94,A101,3,A121,27,A143,A152,1,A172,1,A191,A201,1
202,A14,27,A33,A49,5117,A61,A74,3,A93,A101,4,A123,26,A143,A152,2,A173,1,A191,A201,1
203,A11,12,A32,A48,902,A61,A74,4,A94,A101,4,A122,21,A143,A151,1,A173,1,A191,A201,2
204,A14,12,A34,A40,1495,A61,A75,4,A93,A101,1,A121,38,A143,A152,2,A172,2,A191,A201,1
205,A11,30,A34,A41,10623,A61,A75,3,A93,A101,4,A124,38,A143,A153,3,A174,2,A192,A201,1
206,A14,12,A34,A42,1935,A61,A75,4,A93,A101,4,A121,43,A143,A152,3,A173,1,A192,A201,1
207,A12,12,A34,A44,1424,A61,A74,4,A93,A101,3,A122,26,A143,A152,1,A173,1,A191,A201,1
208,A11,24,A32,A49,6568,A61,A73,2,A94,A101,2,A123,21,A142,A152,1,A172,1,A191,A201,1
209,A14,12,A32,A41,1413,A64,A74,3,A93,A101,2,A122,55,A143,A152,1,A173,1,A191,A202,1
210,A14,9,A34,A43,3074,A65,A73,1,A93,A101,2,A121,33,A143,A152,2,A173,2,A191,A201,1
211,A14,36,A32,A43,3835,A65,A75,2,A92,A101,4,A121,45,A143,A152,1,A172,1,A192,A201,1
212,A11,27,A30,A49,5293,A61,A71,2,A93,A101,4,A122,50,A142,A152,2,A173,1,A192,A201,2
213,A13,30,A33,A49,1908,A61,A75,4,A93,A101,4,A121,66,A143,A152,1,A174,1,A192,A201,2
214,A14,36,A34,A43,3342,A65,A75,4,A93,A101,2,A123,51,A143,A152,1,A173,1,A192,A201,1
215,A12,6,A34,A48,932,A65,A74,1,A92,A101,3,A122,39,A143,A152,2,A172,1,A191,A201,1
216,A11,18,A30,A49,3104,A61,A74,3,A93,A101,1,A122,31,A141,A152,1,A173,1,A192,A201,1
217,A13,36,A32,A43,3913,A61,A73,2,A93,A101,2,A121,23,A143,A152,1,A173,1,A192,A201,1
218,A11,24,A32,A42,3021,A61,A73,2,A91,A101,2,A121,24,A143,A151,1,A172,1,A191,A201,1
219,A14,10,A32,A40,1364,A61,A73,2,A92,A101,4,A123,64,A143,A152,1,A173,1,A192,A201,1
220,A12,12,A32,A43,625,A61,A72,4,A94,A103,1,A121,26,A141,A152,1,A172,1,A191,A201,1
221,A11,12,A32,A46,1200,A65,A73,4,A92,A101,4,A122,23,A141,A151,1,A173,1,A192,A201,1
222,A14,12,A32,A43,707,A61,A73,4,A93,A101,2,A121,30,A141,A152,2,A173,1,A191,A201,1
223,A14,24,A33,A49,2978,A65,A73,4,A93,A101,4,A121,32,A143,A152,2,A173,2,A192,A201,1
224,A14,15,A32,A41,4657,A61,A73,3,A93,A101,2,A123,30,A143,A152,1,A173,1,A192,A201,1
225,A14,36,A30,A45,2613,A61,A73,4,A93,A101,2,A123,27,A143,A152,2,A173,1,A191,A201,1
226,A12,48,A32,A43,10961,A64,A74,1,A93,A102,2,A124,27,A141,A152,2,A173,1,A192,A201,2
227,A11,12,A32,A42,7865,A61,A75,4,A93,A101,4,A124,53,A143,A153,1,A174,1,A192,A201,2
228,A14,9,A32,A43,1478,A61,A74,4,A93,A101,2,A123,22,A143,A152,1,A173,1,A191,A201,2
229,A11,24,A32,A42,3149,A61,A72,4,A93,A101,1,A124,22,A141,A153,1,A173,1,A191,A201,1
230,A13,36,A32,A43,4210,A61,A73,4,A93,A101,2,A123,26,A143,A152,1,A173,1,A191,A201,2
231,A14,9,A32,A40,2507,A63,A75,2,A93,A101,4,A124,51,A143,A153,1,A172,1,A191,A201,1
232,A14,12,A32,A43,2141,A62,A74,3,A93,A101,1,A124,35,A143,A152,1,A173,1,A191,A201,1
233,A12,18,A32,A43,866,A61,A73,4,A94,A103,2,A121,25,A143,A152,1,A172,1,A191,A201,1
234,A14,4,A34,A43,1544,A61,A74,2,A93,A101,1,A121,42,A143,A152,3,A172,2,A191,A201,1
235,A11,24,A32,A43,1823,A61,A71,4,A93,A101,2,A123,30,A142,A152,1,A174,2,A191,A201,2
236,A12,6,A32,A40,14555,A65,A71,1,A93,A101,2,A122,23,A143,A152,1,A171,1,A192,A201,2
237,A12,21,A32,A49,2767,A62,A75,4,A91,A101,2,A123,61,A141,A151,2,A172,1,A191,A201,2
238,A14,12,A34,A43,1291,A61,A73,4,A92,A101,2,A122,35,A143,A152,2,A173,1,A191,A201,1
239,A11,30,A32,A43,2522,A61,A75,1,A93,A103,3,A122,39,A143,A152,1,A173,2,A191,A201,1
240,A11,24,A32,A40,915,A65,A75,4,A92,A101,2,A123,29,A141,A152,1,A173,1,A191,A201,2
241,A14,6,A32,A43,1595,A61,A74,3,A93,A101,2,A122,51,A143,A152,1,A173,2,A191,A201,1
242,A11,48,A30,A41,4605,A61,A75,3,A93,A101,4,A124,24,A143,A153,2,A173,2,A191,A201,2
243,A14,12,A34,A49,1185,A61,A73,3,A92,A101,2,A121,27,A143,A152,2,A173,1,A191,A201,1
244,A14,12,A31,A48,3447,A63,A73,4,A92,A101,3,A121,35,A143,A152,1,A172,2,A191,A201,1
245,A14,24,A32,A49,1258,A61,A74,4,A93,A101,1,A121,25,A143,A152,1,A173,1,A192,A201,1
246,A14,12,A34,A43,717,A61,A75,4,A93,A101,4,A121,52,A143,A152,3,A173,1,A191,A201,1
247,A14,6,A30,A40,1204,A62,A73,4,A93,A101,1,A124,35,A141,A151,1,A173,1,A191,A202,1
248,A13,24,A32,A42,1925,A61,A73,2,A93,A101,2,A121,26,A143,A152,1,A173,1,A191,A201,1
249,A14,18,A32,A43,433,A61,A71,3,A92,A102,4,A121,22,A143,A151,1,A173,1,A191,A201,2
250,A11,6,A34,A40,666,A64,A74,3,A92,A101,4,A121,39,A143,A152,2,A172,1,A192,A201,1
251,A13,12,A32,A42,2251,A61,A73,1,A92,A101,2,A123,46,A143,A152,1,A172,1,A191,A201,1
252,A12,30,A32,A40,2150,A61,A73,4,A92,A103,2,A124,24,A141,A152,1,A173,1,A191,A201,2
253,A14,24,A33,A42,4151,A62,A73,2,A93,A101,3,A122,35,A143,A152,2,A173,1,A191,A201,1
254,A12,9,A32,A42,2030,A65,A74,2,A93,A101,1,A123,24,A143,A152,1,A173,1,A192,A201,1
255,A12,60,A33,A43,7418,A65,A73,1,A93,A101,1,A121,27,A143,A152,1,A172,1,A191,A201,1
256,A14,24,A34,A43,2684,A61,A73,4,A93,A101,2,A121,35,A143,A152,2,A172,1,A191,A201,1
257,A11,12,A31,A43,2149,A61,A73,4,A91,A101,1,A124,29,A143,A153,1,A173,1,A191,A201,2
258,A14,15,A32,A41,3812,A62,A72,1,A92,A101,4,A123,23,A143,A152,1,A173,1,A192,A201,1
259,A14,11,A34,A43,1154,A62,A71,4,A92,A101,4,A121,57,A143,A152,3,A172,1,A191,A201,1
260,A11,12,A32,A42,1657,A61,A73,2,A93,A101,2,A121,27,A143,A152,1,A173,1,A191,A201,1
261,A11,24,A32,A43,1603,A61,A75,4,A92,A101,4,A123,55,A143,A152,1,A173,1,A191,A201,1
262,A11,18,A34,A40,5302,A61,A75,2,A93,A101,4,A124,36,A143,A153,3,A174,1,A192,A201,1
263,A14,12,A34,A46,2748,A61,A75,2,A92,A101,4,A124,57,A141,A153,3,A172,1,A191,A201,1
264,A14,10,A34,A40,1231,A61,A75,3,A93,A101,4,A121,32,A143,A152,2,A172,2,A191,A202,1
265,A12,15,A32,A43,802,A61,A75,4,A93,A101,3,A123,37,A143,A152,1,A173,2,A191,A201,2
266,A14,36,A34,A49,6304,A65,A75,4,A93,A101,4,A121,36,A143,A152,2,A173,1,A191,A201,1
267,A14,24,A32,A43,1533,A61,A72,4,A92,A101,3,A123,38,A142,A152,1,A173,1,A192,A201,1
268,A11,14,A32,A40,8978,A61,A75,1,A91,A101,4,A122,45,A143,A152,1,A174,1,A192,A202,2
269,A14,24,A32,A43,999,A65,A75,4,A93,A101,2,A123,25,A143,A152,2,A173,1,A191,A201,1
270,A14,18,A32,A40,2662,A65,A74,4,A93,A101,3,A122,32,A143,A152,1,A173,1,A191,A202,1
271,A14,12,A34,A42,1402,A63,A74,3,A92,A101,4,A123,37,A143,A151,1,A173,1,A192,A201,1
272,A12,48,A31,A40,12169,A65,A71,4,A93,A102,4,A124,36,A143,A153,1,A174,1,A192,A201,1
273,A12,48,A32,A43,3060,A61,A74,4,A93,A101,4,A121,28,A143,A152,2,A173,1,A191,A201,2
274,A11,30,A32,A45,11998,A61,A72,1,A91,A101,1,A124,34,A143,A152,1,A172,1,A192,A201,2
275,A14,9,A32,A43,2697,A61,A73,1,A93,A101,2,A121,32,A143,A152,1,A173,2,A191,A201,1
276,A14,18,A34,A43,2404,A61,A73,2,A92,A101,2,A123,26,A143,A152,2,A173,1,A191,A201,1
277,A11,12,A32,A42,1262,A65,A75,2,A91,A101,4,A122,49,A143,A152,1,A172,1,A192,A201,1
278,A14,6,A32,A42,4611,A61,A72,1,A92,A101,4,A122,32,A143,A152,1,A173,1,A191,A201,2
279,A14,24,A32,A43,1901,A62,A73,4,A93,A101,4,A123,29,A143,A151,1,A174,1,A192,A201,1
280,A14,15,A34,A41,3368,A64,A75,3,A93,A101,4,A124,23,A143,A151,2,A173,1,A192,A201,1
281,A14,12,A32,A42,1574,A61,A73,4,A93,A101,2,A121,50,A143,A152,1,A173,1,A191,A201,1
282,A13,18,A31,A43,1445,A65,A74,4,A93,A101,4,A123,49,A141,A152,1,A172,1,A191,A201,1
283,A14,15,A34,A42,1520,A65,A75,4,A93,A101,4,A122,63,A143,A152,1,A173,1,A191,A201,1
284,A12,24,A34,A40,3878,A62,A72,4,A91,A101,2,A123,37,A143,A152,1,A173,1,A192,A201,1
285,A11,47,A32,A40,10722,A61,A72,1,A92,A101,1,A121,35,A143,A152,1,A172,1,A192,A201,1
286,A11,48,A32,A41,4788,A61,A74,4,A93,A101,3,A122,26,A143,A152,1,A173,2,A191,A201,1
287,A12,48,A33,A410,7582,A62,A71,2,A93,A101,4,A124,31,A143,A153,1,A174,1,A192,A201,1
288,A12,12,A32,A43,1092,A61,A73,4,A92,A103,4,A121,49,A143,A152,2,A173,1,A192,A201,1
289,A11,24,A33,A43,1024,A61,A72,4,A94,A101,4,A121,48,A142,A152,1,A173,1,A191,A201,2
290,A14,12,A32,A49,1076,A61,A73,2,A94,A101,2,A121,26,A143,A152,1,A173,1,A192,A202,1
291,A12,36,A32,A41,9398,A61,A72,1,A94,A101,4,A123,28,A143,A151,1,A174,1,A192,A201,2
292,A11,24,A34,A41,6419,A61,A75,2,A92,A101,4,A124,44,A143,A153,2,A174,2,A192,A201,1
293,A13,42,A34,A41,4796,A61,A75,4,A93,A101,4,A124,56,A143,A153,1,A173,1,A191,A201,1
294,A14,48,A34,A49,7629,A65,A75,4,A91,A101,2,A123,46,A141,A152,2,A174,2,A191,A201,1
295,A12,48,A32,A42,9960,A61,A72,1,A92,A101,2,A123,26,A143,A152,1,A173,1,A192,A201,2
296,A14,12,A32,A41,4675,A65,A72,1,A92,A101,4,A123,20,A143,A151,1,A173,1,A191,A201,1
297,A14,10,A32,A40,1287,A65,A75,4,A93,A102,2,A122,45,A143,A152,1,A172,1,A191,A202,1
298,A14,18,A32,A42,2515,A61,A73,3,A93,A101,4,A121,43,A143,A152,1,A173,1,A192,A201,1
299,A12,21,A34,A42,2745,A64,A74,3,A93,A101,2,A123,32,A143,A152,2,A173,1,A192,A201,1
300,A14,6,A32,A40,672,A61,A71,1,A92,A101,4,A121,54,A143,A152,1,A171,1,A192,A201,1
301,A12,36,A30,A43,3804,A61,A73,4,A92,A101,1,A123,42,A143,A152,1,A173,1,A192,A201,2
302,A13,24,A34,A40,1344,A65,A74,4,A93,A101,2,A121,37,A141,A152,2,A172,2,A191,A201,2
303,A11,10,A34,A40,1038,A61,A74,4,A93,A102,3,A122,49,A143,A152,2,A173,1,A192,A201,1
304,A14,48,A34,A40,10127,A63,A73,2,A93,A101,2,A124,44,A141,A153,1,A173,1,A191,A201,2
305,A14,6,A32,A42,1543,A64,A73,4,A91,A101,2,A121,33,A143,A152,1,A173,1,A191,A201,1
306,A14,30,A32,A41,4811,A65,A74,2,A92,A101,4,A122,24,A142,A151,1,A172,1,A191,A201,1
307,A11,12,A32,A43,727,A62,A72,4,A94,A101,3,A124,33,A143,A152,1,A172,1,A192,A201,2
308,A12,8,A32,A42,1237,A61,A73,3,A92,A101,4,A121,24,A143,A152,1,A173,1,A191,A201,2
309,A12,9,A32,A40,276,A61,A73,4,A94,A101,4,A121,22,A143,A151,1,A172,1,A191,A201,1
310,A12,48,A32,A410,5381,A65,A71,3,A93,A101,4,A124,40,A141,A153,1,A171,1,A192,A201,1
311,A14,24,A32,A42,5511,A62,A73,4,A93,A101,1,A123,25,A142,A152,1,A173,1,A191,A201,1
312,A13,24,A32,A42,3749,A61,A72,2,A92,A101,4,A123,26,A143,A152,1,A173,1,A191,A201,1
313,A12,12,A32,A40,685,A61,A74,2,A94,A101,3,A123,25,A141,A152,1,A172,1,A191,A201,2
314,A13,4,A32,A40,1494,A65,A72,1,A93,A101,2,A121,29,A143,A152,1,A172,2,A191,A202,1
315,A11,36,A31,A42,2746,A61,A75,4,A93,A101,4,A123,31,A141,A152,1,A173,1,A191,A201,2
316,A11,12,A32,A42,708,A61,A73,2,A93,A103,3,A122,38,A143,A152,1,A172,2,A191,A201,1
317,A12,24,A32,A42,4351,A65,A73,1,A92,A101,4,A122,48,A143,A152,1,A172,1,A192,A201,1
318,A14,12,A34,A46,701,A61,A73,4,A93,A101,2,A123,32,A143,A152,2,A173,1,A191,A201,1
319,A11,15,A33,A42,3643,A61,A75,1,A92,A101,4,A122,27,A143,A152,2,A172,1,A191,A201,1
320,A12,30,A34,A40,4249,A61,A71,4,A94,A101,2,A123,28,A143,A152,2,A174,1,A191,A201,2
321,A11,24,A32,A43,1938,A61,A72,4,A91,A101,3,A122,32,A143,A152,1,A173,1,A191,A201,2
322,A11,24,A32,A41,2910,A61,A74,2,A93,A101,1,A124,34,A143,A153,1,A174,1,A192,A201,1
323,A11,18,A32,A42,2659,A64,A73,4,A93,A101,2,A123,28,A143,A152,1,A173,1,A191,A201,1
324,A14,18,A34,A40,1028,A61,A73,4,A92,A101,3,A121,36,A143,A152,2,A173,1,A191,A201,1
325,A11,8,A34,A40,3398,A61,A74,1,A93,A101,4,A121,39,A143,A152,2,A172,1,A191,A202,1
326,A14,12,A34,A42,5801,A65,A75,2,A93,A101,4,A122,49,A143,A151,1,A173,1,A192,A201,1
327,A14,24,A32,A40,1525,A64,A74,4,A92,A101,3,A123,34,A143,A152,1,A173,2,A192,A201,1
328,A13,36,A32,A43,4473,A61,A75,4,A93,A101,2,A123,31,A143,A152,1,A173,1,A191,A201,1
329,A12,6,A32,A43,1068,A61,A75,4,A93,A101,4,A123,28,A143,A152,1,A173,2,A191,A201,1
330,A11,24,A34,A41,6615,A61,A71,2,A93,A101,4,A124,75,A143,A153,2,A174,1,A192,A201,1
331,A14,18,A34,A46,1864,A62,A73,4,A92,A101,2,A121,30,A143,A152,2,A173,1,A191,A201,2
332,A12,60,A32,A40,7408,A62,A72,4,A92,A101,2,A122,24,A143,A152,1,A174,1,A191,A201,2
333,A14,48,A34,A41,11590,A62,A73,2,A92,A101,4,A123,24,A141,A151,2,A172,1,A191,A201,2
334,A11,24,A30,A42,4110,A61,A75,3,A93,A101,4,A124,23,A141,A151,2,A173,2,A191,A201,2
335,A11,6,A34,A42,3384,A61,A73,1,A91,A101,4,A121,44,A143,A151,1,A174,1,A192,A201,2
336,A12,13,A32,A43,2101,A61,A72,2,A92,A103,4,A122,23,A143,A152,1,A172,1,A191,A201,1
337,A11,15,A32,A44,1275,A65,A73,4,A92,A101,2,A123,24,A143,A151,1,A173,1,A191,A201,2
338,A11,24,A32,A42,4169,A61,A73,4,A93,A101,4,A122,28,A143,A152,1,A173,1,A191,A201,1
339,A12,10,A32,A42,1521,A61,A73,4,A91,A101,2,A123,31,A143,A152,1,A172,1,A191,A201,1
340,A12,24,A34,A46,5743,A61,A72,2,A92,A101,4,A124,24,A143,A153,2,A173,1,A192,A201,1
341,A11,21,A32,A42,3599,A61,A74,1,A92,A101,4,A123,26,A143,A151,1,A172,1,A191,A201,1
342,A12,18,A32,A43,3213,A63,A72,1,A94,A101,3,A121,25,A143,A151,1,A173,1,A191,A201,1
343,A12,18,A32,A49,4439,A61,A75,1,A93,A102,1,A121,33,A141,A152,1,A174,1,A192,A201,1
344,A13,10,A32,A40,3949,A61,A72,1,A93,A103,1,A122,37,A143,A152,1,A172,2,A191,A201,1
345,A14,15,A34,A43,1459,A61,A73,4,A92,A101,2,A123,43,A143,A152,1,A172,1,A191,A201,1
346,A12,13,A34,A43,882,A61,A72,4,A93,A103,4,A121,23,A143,A152,2,A173,1,A191,A201,1
347,A12,24,A32,A43,3758,A63,A71,1,A92,A101,4,A124,23,A143,A151,1,A171,1,A191,A201,1
348,A14,6,A33,A49,1743,A62,A73,1,A93,A101,2,A121,34,A143,A152,2,A172,1,A191,A201,1
349,A12,9,A34,A46,1136,A64,A75,4,A93,A101,3,A124,32,A143,A153,2,A173,2,A191,A201,2
350,A14,9,A32,A44,1236,A61,A72,1,A92,A101,4,A121,23,A143,A151,1,A173,1,A192,A201,1
351,A12,9,A32,A42,959,A61,A73,1,A92,A101,2,A123,29,A143,A152,1,A173,1,A191,A202,2
352,A14,18,A34,A41,3229,A65,A71,2,A93,A101,4,A124,38,A143,A152,1,A174,1,A192,A201,1
353,A11,12,A30,A43,6199,A61,A73,4,A93,A101,2,A122,28,A143,A151,2,A173,1,A192,A201,2
354,A14,10,A32,A46,727,A63,A75,4,A93,A101,4,A124,46,A143,A153,1,A173,1,A192,A201,1
355,A12,24,A32,A40,1246,A61,A72,4,A93,A101,2,A121,23,A142,A152,1,A172,1,A191,A201,2
356,A14,12,A34,A43,2331,A65,A75,1,A93,A102,4,A121,49,A143,A152,1,A173,1,A192,A201,1
357,A14,36,A33,A43,4463,A61,A73,4,A93,A101,2,A123,26,A143,A152,2,A174,1,A192,A201,2
358,A14,12,A32,A43,776,A61,A73,4,A94,A101,2,A121,28,A143,A152,1,A173,1,A191,A201,1
359,A11,30,A32,A42,2406,A61,A74,4,A92,A101,4,A121,23,A143,A151,1,A173,1,A191,A201,2
360,A12,18,A32,A46,1239,A65,A73,4,A93,A101,4,A124,61,A143,A153,1,A173,1,A191,A201,1
361,A13,12,A32,A43,3399,A65,A75,2,A93,A101,3,A123,37,A143,A152,1,A174,1,A191,A201,1
362,A13,12,A33,A40,2247,A61,A73,2,A92,A101,2,A123,36,A142,A152,2,A173,1,A192,A201,1
363,A14,6,A32,A42,1766,A61,A73,1,A94,A101,2,A122,21,A143,A151,1,A173,1,A191,A201,1
364,A11,18,A32,A42,2473,A61,A71,4,A93,A101,1,A123,25,A143,A152,1,A171,1,A191,A201,2
365,A14,12,A32,A49,1542,A61,A74,2,A93,A101,4,A123,36,A143,A152,1,A173,1,A192,A201,1
366,A14,18,A34,A41,3850,A61,A74,3,A93,A101,1,A123,27,A143,A152,2,A173,1,A191,A201,1
367,A11,18,A32,A42,3650,A61,A72,1,A92,A101,4,A123,22,A143,A151,1,A173,1,A191,A201,1
368,A11,36,A32,A42,3446,A61,A75,4,A93,A101,2,A123,42,A143,A152,1,A173,2,A191,A201,2
369,A12,18,A32,A42,3001,A61,A74,2,A92,A101,4,A121,40,A143,A151,1,A173,1,A191,A201,1
370,A14,36,A32,A40,3079,A65,A73,4,A93,A101,4,A121,36,A143,A152,1,A173,1,A191,A201,1
371,A14,18,A34,A43,6070,A61,A75,3,A93,A101,4,A123,33,A143,A152,2,A173,1,A192,A201,1
372,A14,10,A34,A42,2146,A61,A72,1,A92,A101,3,A121,23,A143,A151,2,A173,1,A191,A201,1
373,A14,60,A34,A40,13756,A65,A75,2,A93,A101,4,A124,63,A141,A153,1,A174,1,A192,A201,1
374,A12,60,A31,A410,14782,A62,A75,3,A92,A101,4,A124,60,A141,A153,2,A174,1,A192,A201,2
375,A11,48,A31,A49,7685,A61,A74,2,A92,A103,4,A123,37,A143,A151,1,A173,1,A191,A201,2
376,A14,18,A33,A43,2320,A61,A71,2,A94,A101,3,A121,34,A143,A152,2,A173,1,A191,A201,1
377,A14,7,A33,A43,846,A65,A75,3,A93,A101,4,A124,36,A143,A153,1,A173,1,A191,A201,1
378,A12,36,A32,A40,14318,A61,A75,4,A93,A101,2,A124,57,A143,A153,1,A174,1,A192,A201,2
379,A14,6,A34,A40,362,A62,A73,4,A92,A101,4,A123,52,A143,A152,2,A172,1,A191,A201,1
380,A11,20,A32,A42,2212,A65,A74,4,A93,A101,4,A123,39,A143,A152,1,A173,1,A192,A201,1
381,A12,18,A32,A41,12976,A61,A71,3,A92,A101,4,A124,38,A143,A153,1,A174,1,A192,A201,2
382,A14,22,A32,A40,1283,A65,A74,4,A92,A101,4,A122,25,A143,A151,1,A173,1,A191,A201,1
383,A13,12,A32,A40,1330,A61,A72,4,A93,A101,1,A121,26,A143,A152,1,A173,1,A191,A201,1
384,A14,30,A33,A49,4272,A62,A73,2,A93,A101,2,A122,26,A143,A152,2,A172,1,A191,A201,1
385,A14,18,A34,A43,2238,A61,A73,2,A92,A101,1,A123,25,A143,A152,2,A173,1,A191,A201,1
386,A14,18,A32,A43,1126,A65,A72,4,A92,A101,2,A121,21,A143,A151,1,A173,1,A192,A201,1
387,A12,18,A34,A42,7374,A61,A71,4,A93,A101,4,A122,40,A142,A152,2,A174,1,A192,A201,1
388,A12,15,A34,A49,2326,A63,A73,2,A93,A101,4,A123,27,A141,A152,1,A173,1,A191,A201,1
389,A14,9,A32,A49,1449,A61,A74,3,A92,A101,2,A123,27,A143,A152,2,A173,1,A191,A201,1
390,A14,18,A32,A40,1820,A61,A73,2,A94,A101,2,A122,30,A143,A152,1,A174,1,A192,A201,1
391,A12,12,A32,A42,983,A64,A72,1,A92,A101,4,A121,19,A143,A151,1,A172,1,A191,A201,1
392,A11,36,A32,A40,3249,A61,A74,2,A93,A101,4,A124,39,A141,A153,1,A174,2,A192,A201,1
393,A11,6,A34,A43,1957,A61,A74,1,A92,A101,4,A123,31,A143,A152,1,A173,1,A191,A201,1
394,A14,9,A34,A42,2406,A61,A71,2,A93,A101,3,A123,31,A143,A152,1,A174,1,A191,A201,1
395,A12,39,A33,A46,11760,A62,A74,2,A93,A101,3,A124,32,A143,A151,1,A173,1,A192,A201,1
396,A11,12,A32,A42,2578,A61,A71,3,A92,A101,4,A124,55,A143,A153,1,A174,1,A191,A201,1
397,A11,36,A34,A42,2348,A61,A73,3,A94,A101,2,A122,46,A143,A152,2,A173,1,A192,A201,1
398,A12,12,A32,A40,1223,A61,A75,1,A91,A101,1,A121,46,A143,A151,2,A173,1,A191,A201,2
399,A14,24,A34,A43,1516,A64,A73,4,A92,A101,1,A121,43,A143,A152,2,A172,1,A191,A201,1
400,A14,18,A32,A43,1473,A61,A72,3,A94,A101,4,A121,39,A143,A152,1,A173,1,A192,A201,1
401,A12,18,A34,A49,1887,A65,A73,4,A94,A101,4,A121,28,A141,A152,2,A173,1,A191,A201,1
402,A14,24,A33,A49,8648,A61,A72,2,A93,A101,2,A123,27,A141,A152,2,A173,1,A192,A201,2
403,A14,14,A33,A40,802,A61,A73,4,A93,A101,2,A123,27,A143,A152,2,A172,1,A191,A201,1
404,A12,18,A33,A40,2899,A65,A75,4,A93,A101,4,A123,43,A143,A152,1,A173,2,A191,A201,1
405,A12,24,A32,A43,2039,A61,A72,1,A94,A101,1,A122,22,A143,A152,1,A173,1,A192,A201,2
406,A14,24,A34,A41,2197,A65,A74,4,A93,A101,4,A123,43,A143,A152,2,A173,2,A192,A201,1
407,A11,15,A32,A43,1053,A61,A72,4,A94,A101,2,A121,27,A143,A152,1,A173,1,A191,A202,1
408,A14,24,A32,A43,3235,A63,A75,3,A91,A101,2,A123,26,A143,A152,1,A174,1,A192,A201,1
409,A13,12,A34,A40,939,A63,A74,4,A94,A101,2,A121,28,A143,A152,3,A173,1,A192,A201,2
410,A12,24,A32,A43,1967,A61,A75,4,A92,A101,4,A123,20,A143,A152,1,A173,1,A192,A201,1
411,A14,33,A34,A41,7253,A61,A74,3,A93,A101,2,A123,35,A143,A152,2,A174,1,A192,A201,1
412,A14,12,A34,A49,2292,A61,A71,4,A93,A101,2,A123,42,A142,A152,2,A174,1,A192,A201,2
413,A14,10,A32,A40,1597,A63,A73,3,A93,A101,2,A124,40,A143,A151,1,A172,2,A191,A202,1
414,A11,24,A32,A40,1381,A65,A73,4,A92,A101,2,A122,35,A143,A152,1,A173,1,A191,A201,2
415,A14,36,A34,A41,5842,A61,A75,2,A93,A101,2,A122,35,A143,A152,2,A173,2,A192,A201,1
416,A11,12,A32,A40,2579,A61,A72,4,A93,A101,1,A121,33,A143,A152,1,A172,2,A191,A201,2
417,A11,18,A33,A46,8471,A65,A73,1,A92,A101,2,A123,23,A143,A151,2,A173,1,A192,A201,1
418,A14,21,A32,A40,2782,A63,A74,1,A92,A101,2,A123,31,A141,A152,1,A174,1,A191,A201,1
419,A12,18,A32,A40,1042,A65,A73,4,A92,A101,2,A122,33,A143,A152,1,A173,1,A191,A201,2
420,A14,15,A32,A40,3186,A64,A74,2,A92,A101,3,A123,20,A143,A151,1,A173,1,A191,A201,1
421,A12,12,A32,A41,2028,A65,A73,4,A93,A101,2,A123,30,A143,A152,1,A173,1,A191,A201,1
422,A12,12,A34,A40,958,A61,A74,2,A93,A101,3,A121,47,A143,A152,2,A172,2,A191,A201,1
423,A14,21,A33,A42,1591,A62,A74,4,A93,A101,3,A121,34,A143,A152,2,A174,1,A191,A201,1
424,A12,12,A32,A42,2762,A65,A75,1,A92,A101,2,A122,25,A141,A152,1,A173,1,A192,A201,2
425,A12,18,A32,A41,2779,A61,A73,1,A94,A101,3,A123,21,A143,A151,1,A173,1,A192,A201,1
426,A14,28,A34,A43,2743,A61,A75,4,A93,A101,2,A123,29,A143,A152,2,A173,1,A191,A201,1
427,A14,18,A34,A43,1149,A64,A73,4,A93,A101,3,A121,46,A143,A152,2,A173,1,A191,A201,1
428,A14,9,A32,A42,1313,A61,A75,1,A93,A101,4,A123,20,A143,A152,1,A173,1,A191,A201,1
429,A11,18,A34,A45,1190,A61,A71,2,A92,A101,4,A124,55,A143,A153,3,A171,2,A191,A201,2
430,A14,5,A32,A49,3448,A61,A74,1,A93,A101,4,A121,74,A143,A152,1,A172,1,A191,A201,1
431,A12,24,A32,A410,11328,A61,A73,2,A93,A102,3,A123,29,A141,A152,2,A174,1,A192,A201,2
432,A11,6,A34,A42,1872,A61,A71,4,A93,A101,4,A124,36,A143,A153,3,A174,1,A192,A201,1
433,A14,24,A34,A45,2058,A61,A73,4,A91,A101,2,A121,33,A143,A152,2,A173,1,A192,A201,1
434,A11,9,A32,A42,2136,A61,A73,3,A93,A101,2,A121,25,A143,A152,1,A173,1,A191,A201,1
435,A12,12,A32,A43,1484,A65,A73,2,A94,A101,1,A121,25,A143,A152,1,A173,1,A192,A201,2
436,A14,6,A32,A45,660,A63,A74,2,A94,A101,4,A121,23,A143,A151,1,A172,1,A191,A201,1
437,A14,24,A34,A40,1287,A64,A75,4,A92,A101,4,A121,37,A143,A152,2,A173,1,A192,A201,1
438,A11,42,A34,A45,3394,A61,A71,4,A93,A102,4,A123,65,A143,A152,2,A171,1,A191,A201,1
439,A13,12,A31,A49,609,A61,A72,4,A92,A101,1,A121,26,A143,A152,1,A171,1,A191,A201,2
440,A14,12,A32,A40,1884,A61,A75,4,A93,A101,4,A123,39,A143,A152,1,A174,1,A192,A201,1
441,A11,12,A32,A42,1620,A61,A73,2,A92,A102,3,A122,30,A143,A152,1,A173,1,A191,A201,1
442,A12,20,A33,A410,2629,A61,A73,2,A93,A101,3,A123,29,A141,A152,2,A173,1,A192,A201,1
443,A14,12,A32,A46,719,A61,A75,4,A93,A101,4,A123,41,A141,A152,1,A172,2,A191,A201,2
444,A12,48,A34,A42,5096,A61,A73,2,A92,A101,3,A123,30,A143,A152,1,A174,1,A192,A201,2
445,A14,9,A34,A46,1244,A65,A75,4,A92,A101,4,A122,41,A143,A151,2,A172,1,A191,A201,1
446,A11,36,A32,A40,1842,A61,A72,4,A92,A101,4,A123,34,A143,A152,1,A173,1,A192,A201,2
447,A12,7,A32,A43,2576,A61,A73,2,A93,A103,2,A121,35,A143,A152,1,A173,1,A191,A201,1
448,A13,12,A32,A42,1424,A65,A75,3,A92,A101,4,A121,55,A143,A152,1,A174,1,A192,A201,1
449,A12,15,A33,A45,1512,A64,A73,3,A94,A101,3,A122,61,A142,A152,2,A173,1,A191,A201,2
450,A14,36,A34,A41,11054,A65,A73,4,A93,A101,2,A123,30,A143,A152,1,A174,1,A192,A201,1
451,A14,6,A32,A43,518,A61,A73,3,A92,A101,1,A121,29,A143,A152,1,A173,1,A191,A201,1
452,A14,12,A30,A42,2759,A61,A75,2,A93,A101,4,A122,34,A143,A152,2,A173,1,A191,A201,1
453,A14,24,A32,A41,2670,A61,A75,4,A93,A101,4,A123,35,A143,A152,1,A174,1,A192,A201,1
454,A11,24,A32,A40,4817,A61,A74,2,A93,A102,3,A122,31,A143,A152,1,A173,1,A192,A201,2
455,A14,24,A32,A41,2679,A61,A72,4,A92,A101,1,A124,29,A143,A152,1,A174,1,A192,A201,1
456,A11,11,A34,A40,3905,A61,A73,2,A93,A101,2,A121,36,A143,A151,2,A173,2,A191,A201,1
457,A11,12,A32,A41,3386,A61,A75,3,A93,A101,4,A124,35,A143,A153,1,A173,1,A192,A201,2
458,A11,6,A32,A44,343,A61,A72,4,A92,A101,1,A121,27,A143,A152,1,A173,1,A191,A201,1
459,A14,18,A32,A43,4594,A61,A72,3,A93,A101,2,A123,32,A143,A152,1,A173,1,A192,A201,1
460,A11,36,A32,A42,3620,A61,A73,1,A93,A103,2,A122,37,A143,A152,1,A173,2,A191,A201,1
461,A11,15,A32,A40,1721,A61,A72,2,A93,A101,3,A121,36,A143,A152,1,A173,1,A191,A201,1
462,A12,12,A32,A42,3017,A61,A72,3,A92,A101,1,A121,34,A143,A151,1,A174,1,A191,A201,1
463,A12,12,A32,A48,754,A65,A75,4,A93,A101,4,A122,38,A143,A152,2,A173,1,A191,A201,1
464,A14,18,A32,A49,1950,A61,A74,4,A93,A101,1,A123,34,A142,A152,2,A173,1,A192,A201,1
465,A11,24,A32,A41,2924,A61,A73,3,A93,A103,4,A124,63,A141,A152,1,A173,2,A192,A201,1
466,A11,24,A33,A43,1659,A61,A72,4,A92,A101,2,A123,29,A143,A151,1,A172,1,A192,A201,2
467,A14,48,A33,A43,7238,A65,A75,3,A93,A101,3,A123,32,A141,A152,2,A173,2,A191,A201,1
468,A14,33,A33,A49,2764,A61,A73,2,A92,A101,2,A123,26,A143,A152,2,A173,1,A192,A201,1
469,A14,24,A33,A41,4679,A61,A74,3,A93,A101,3,A123,35,A143,A152,2,A172,1,A192,A201,1
470,A12,24,A32,A43,3092,A62,A72,3,A94,A101,2,A123,22,A143,A151,1,A173,1,A192,A201,2
471,A11,6,A32,A46,448,A61,A72,4,A92,A101,4,A122,23,A143,A152,1,A173,1,A191,A201,2
472,A11,9,A32,A40,654,A61,A73,4,A93,A101,3,A123,28,A143,A152,1,A172,1,A191,A201,2
473,A14,6,A32,A48,1238,A65,A71,4,A93,A101,4,A122,36,A143,A152,1,A174,2,A192,A201,1
474,A12,18,A34,A43,1245,A61,A73,4,A94,A101,2,A123,33,A143,A152,1,A173,1,A191,A201,2
475,A11,18,A30,A42,3114,A61,A72,1,A92,A101,4,A122,26,A143,A151,1,A173,1,A191,A201,2
476,A14,39,A32,A41,2569,A63,A73,4,A93,A101,4,A123,24,A143,A152,1,A173,1,A191,A201,1
477,A13,24,A32,A43,5152,A61,A74,4,A93,A101,2,A123,25,A141,A152,1,A173,1,A191,A201,1
478,A12,12,A32,A49,1037,A62,A74,3,A93,A101,4,A121,39,A143,A152,1,A172,1,A191,A201,1
479,A11,15,A34,A42,1478,A61,A75,4,A93,A101,4,A123,44,A143,A152,2,A173,2,A192,A201,1
480,A12,12,A34,A43,3573,A61,A73,1,A92,A101,1,A121,23,A143,A152,1,A172,1,A191,A201,1
481,A12,24,A32,A40,1201,A61,A72,4,A93,A101,1,A122,26,A143,A152,1,A173,1,A191,A201,1
482,A11,30,A32,A42,3622,A64,A75,4,A92,A101,4,A122,57,A143,A151,2,A173,1,A192,A201,1
483,A14,15,A33,A42,960,A64,A74,3,A92,A101,2,A122,30,A143,A152,2,A173,1,A191,A201,1
484,A14,12,A34,A40,1163,A63,A73,4,A93,A101,4,A121,44,A143,A152,1,A173,1,A192,A201,1
485,A12,6,A33,A40,1209,A61,A71,4,A93,A101,4,A122,47,A143,A152,1,A174,1,A192,A201,2
486,A14,12,A32,A43,3077,A61,A73,2,A93,A101,4,A123,52,A143,A152,1,A173,1,A192,A201,1
487,A14,24,A32,A40,3757,A61,A75,4,A92,A102,4,A124,62,A143,A153,1,A173,1,A192,A201,1
488,A14,10,A32,A40,1418,A62,A73,3,A93,A101,2,A121,35,A143,A151,1,A172,1,A191,A202,1
489,A14,6,A32,A40,3518,A61,A73,2,A93,A103,3,A122,26,A143,A151,1,A173,1,A191,A201,1
490,A14,12,A34,A43,1934,A61,A75,2,A93,A101,2,A124,26,A143,A152,2,A173,1,A191,A201,1
491,A12,27,A30,A49,8318,A61,A75,2,A92,A101,4,A124,42,A143,A153,2,A174,1,A192,A201,2
492,A14,6,A34,A43,1237,A62,A73,1,A92,A101,1,A122,27,A143,A152,2,A173,1,A191,A201,1
493,A12,6,A32,A43,368,A65,A75,4,A93,A101,4,A122,38,A143,A152,1,A173,1,A191,A201,1
494,A11,12,A34,A40,2122,A61,A73,3,A93,A101,2,A121,39,A143,A151,2,A172,2,A191,A202,1
495,A11,24,A32,A42,2996,A65,A73,2,A94,A101,4,A123,20,A143,A152,1,A173,1,A191,A201,2
496,A12,36,A32,A42,9034,A62,A72,4,A93,A102,1,A124,29,A143,A151,1,A174,1,A192,A201,2
497,A14,24,A34,A42,1585,A61,A74,4,A93,A101,3,A122,40,A143,A152,2,A173,1,A191,A201,1
498,A12,18,A32,A43,1301,A61,A75,4,A94,A103,2,A121,32,A143,A152,1,A172,1,A191,A201,1
499,A13,6,A34,A40,1323,A62,A75,2,A91,A101,4,A123,28,A143,A152,2,A173,2,A192,A201,1
500,A11,24,A32,A40,3123,A61,A72,4,A92,A101,1,A122,27,A143,A152,1,A173,1,A191,A201,2
501,A11,36,A32,A41,5493,A61,A75,2,A93,A101,4,A124,42,A143,A153,1,A173,2,A191,A201,1
502,A13,9,A32,A43,1126,A62,A75,2,A91,A101,4,A121,49,A143,A152,1,A173,1,A191,A201,1
503,A12,24,A34,A43,1216,A62,A72,4,A93,A101,4,A124,38,A141,A152,2,A173,2,A191,A201,2
504,A11,24,A32,A40,1207,A61,A72,4,A92,A101,4,A122,24,A143,A151,1,A173,1,A191,A201,2
505,A14,10,A32,A40,1309,A65,A73,4,A93,A103,4,A122,27,A143,A152,1,A172,1,A191,A201,2
506,A13,15,A34,A41,2360,A63,A73,2,A93,A101,2,A123,36,A143,A152,1,A173,1,A192,A201,1
507,A12,15,A31,A40,6850,A62,A71,1,A93,A101,2,A122,34,A143,A152,1,A174,2,A192,A201,2
508,A14,24,A32,A43,1413,A61,A73,4,A94,A101,2,A122,28,A143,A152,1,A173,1,A191,A201,1
509,A14,39,A32,A41,8588,A62,A75,4,A93,A101,2,A123,45,A143,A152,1,A174,1,A192,A201,1
510,A11,12,A32,A40,759,A61,A74,4,A93,A101,2,A121,26,A143,A152,1,A173,1,A191,A201,2
511,A14,36,A32,A41,4686,A61,A73,2,A93,A101,2,A124,32,A143,A153,1,A174,1,A192,A201,1
512,A13,15,A32,A49,2687,A61,A74,2,A93,A101,4,A122,26,A143,A151,1,A173,1,A192,A201,1
513,A12,12,A33,A43,585,A61,A73,4,A94,A102,4,A121,20,A143,A151,2,A173,1,A191,A201,1
514,A14,24,A32,A40,2255,A65,A72,4,A93,A101,1,A122,54,A143,A152,1,A173,1,A191,A201,1
515,A11,6,A34,A40,609,A61,A74,4,A92,A101,3,A122,37,A143,A152,2,A173,1,A191,A202,1
516,A11,6,A34,A40,1361,A61,A72,2,A93,A101,4,A121,40,A143,A152,1,A172,2,A191,A202,1
517,A14,36,A34,A42,7127,A61,A72,2,A92,A101,4,A122,23,A143,A151,2,A173,1,A192,A201,2
518,A11,6,A32,A40,1203,A62,A75,3,A93,A101,2,A122,43,A143,A152,1,A173,1,A192,A201,1
519,A14,6,A34,A43,700,A65,A75,4,A93,A101,4,A124,36,A143,A153,2,A173,1,A191,A201,1
520,A14,24,A34,A45,5507,A61,A75,3,A93,A101,4,A124,44,A143,A153,2,A173,1,A191,A201,1
521,A11,18,A32,A43,3190,A61,A73,2,A92,A101,2,A121,24,A143,A152,1,A173,1,A191,A201,2
522,A11,48,A30,A42,7119,A61,A73,3,A93,A101,4,A124,53,A143,A153,2,A173,2,A191,A201,2
523,A14,24,A32,A41,3488,A62,A74,3,A92,A101,4,A123,23,A143,A152,1,A173,1,A191,A201,1
524,A12,18,A32,A43,1113,A61,A73,4,A92,A103,4,A121,26,A143,A152,1,A172,2,A191,A201,1
525,A12,26,A32,A41,7966,A61,A72,2,A93,A101,3,A123,30,A143,A152,2,A173,1,A191,A201,1
526,A14,15,A34,A46,1532,A62,A73,4,A92,A101,3,A123,31,A143,A152,1,A173,1,A191,A201,1
527,A14,4,A34,A43,1503,A61,A74,2,A93,A101,1,A121,42,A143,A152,2,A172,2,A191,A201,1
528,A11,36,A32,A43,2302,A61,A73,4,A91,A101,4,A123,31,A143,A151,1,A173,1,A191,A201,2
529,A11,6,A32,A40,662,A61,A72,3,A93,A101,4,A121,41,A143,A152,1,A172,2,A192,A201,1
530,A12,36,A32,A46,2273,A61,A74,3,A93,A101,1,A123,32,A143,A152,2,A173,2,A191,A201,1
531,A12,15,A32,A40,2631,A62,A73,2,A92,A101,4,A123,28,A143,A151,2,A173,1,A192,A201,2
532,A14,12,A33,A41,1503,A61,A73,4,A94,A101,4,A121,41,A143,A151,1,A173,1,A191,A201,1
533,A14,24,A32,A43,1311,A62,A74,4,A94,A101,3,A122,26,A143,A152,1,A173,1,A192,A201,1
534,A14,24,A32,A43,3105,A65,A72,4,A93,A101,2,A123,25,A143,A152,2,A173,1,A191,A201,1
535,A13,21,A34,A46,2319,A61,A72,2,A91,A101,1,A123,33,A143,A151,1,A173,1,A191,A201,2
536,A11,6,A32,A40,1374,A65,A71,4,A92,A101,3,A122,75,A143,A152,1,A174,1,A192,A201,1
537,A12,18,A34,A42,3612,A61,A75,3,A92,A101,4,A122,37,A143,A152,1,A173,1,A192,A201,1
538,A11,48,A32,A40,7763,A61,A75,4,A93,A101,4,A124,42,A141,A153,1,A174,1,A191,A201,2
539,A13,18,A32,A42,3049,A61,A72,1,A92,A101,1,A122,45,A142,A152,1,A172,1,A191,A201,1
540,A12,12,A32,A43,1534,A61,A72,1,A94,A101,1,A121,23,A143,A151,1,A173,1,A191,A201,2
541,A14,24,A33,A40,2032,A61,A75,4,A93,A101,4,A124,60,A143,A153,2,A173,1,A192,A201,1
542,A11,30,A32,A42,6350,A65,A75,4,A93,A101,4,A122,31,A143,A152,1,A173,1,A191,A201,2
543,A13,18,A32,A42,2864,A61,A73,2,A93,A101,1,A121,34,A143,A152,1,A172,2,A191,A201,2
544,A14,12,A34,A40,1255,A61,A75,4,A93,A101,4,A121,61,A143,A152,2,A172,1,A191,A201,1
545,A11,24,A33,A40,1333,A61,A71,4,A93,A101,2,A121,43,A143,A153,2,A173,2,A191,A201,2
546,A14,24,A34,A40,2022,A61,A73,4,A92,A101,4,A123,37,A143,A152,1,A173,1,A192,A201,1
547,A14,24,A32,A43,1552,A61,A74,3,A93,A101,1,A123,32,A141,A152,1,A173,2,A191,A201,1
548,A11,12,A31,A43,626,A61,A73,4,A92,A101,4,A121,24,A141,A152,1,A172,1,A191,A201,2
549,A14,48,A34,A41,8858,A65,A74,2,A93,A101,1,A124,35,A143,A153,2,A173,1,A192,A201,1
550,A14,12,A34,A45,996,A65,A74,4,A92,A101,4,A121,23,A143,A152,2,A173,1,A191,A201,1
551,A14,6,A31,A43,1750,A63,A75,2,A93,A101,4,A122,45,A141,A152,1,A172,2,A191,A201,1
552,A11,48,A32,A43,6999,A61,A74,1,A94,A103,1,A121,34,A143,A152,2,A173,1,A192,A201,2
553,A12,12,A34,A40,1995,A62,A72,4,A93,A101,1,A123,27,A143,A152,1,A173,1,A191,A201,1
554,A12,9,A32,A46,1199,A61,A74,4,A92,A101,4,A122,67,A143,A152,2,A174,1,A192,A201,1
555,A12,12,A32,A43,1331,A61,A72,2,A93,A101,1,A123,22,A142,A152,1,A173,1,A191,A201,2
556,A12,18,A30,A40,2278,A62,A72,3,A92,A101,3,A123,28,A143,A152,2,A173,1,A191,A201,2
557,A14,21,A30,A40,5003,A65,A73,1,A92,A101,4,A122,29,A141,A152,2,A173,1,A192,A201,2
558,A11,24,A31,A42,3552,A61,A74,3,A93,A101,4,A123,27,A141,A152,1,A173,1,A191,A201,2
559,A12,18,A34,A42,1928,A61,A72,2,A93,A101,2,A121,31,A143,A152,2,A172,1,A191,A201,2
560,A11,24,A32,A41,2964,A65,A75,4,A93,A101,4,A124,49,A141,A153,1,A173,2,A192,A201,1
561,A11,24,A31,A43,1546,A61,A74,4,A93,A103,4,A123,24,A141,A151,1,A172,1,A191,A201,2
562,A13,6,A33,A43,683,A61,A72,2,A92,A101,1,A122,29,A141,A152,1,A173,1,A191,A201,1
563,A12,36,A32,A40,12389,A65,A73,1,A93,A101,4,A124,37,A143,A153,1,A173,1,A192,A201,2
564,A12,24,A33,A49,4712,A65,A73,4,A93,A101,2,A122,37,A141,A152,2,A174,1,A192,A201,1
565,A12,24,A33,A43,1553,A62,A74,3,A92,A101,2,A122,23,A143,A151,2,A173,1,A192,A201,1
566,A11,12,A32,A40,1372,A61,A74,2,A91,A101,3,A123,36,A143,A152,1,A173,1,A191,A201,2
567,A14,24,A34,A43,2578,A64,A75,2,A93,A101,2,A123,34,A143,A152,1,A173,1,A191,A201,1
568,A12,48,A32,A43,3979,A65,A74,4,A93,A101,1,A123,41,A143,A152,2,A173,2,A192,A201,1
569,A11,48,A32,A43,6758,A61,A73,3,A92,A101,2,A123,31,A143,A152,1,A173,1,A192,A201,2
570,A11,24,A32,A42,3234,A61,A72,4,A92,A101,4,A121,23,A143,A151,1,A172,1,A192,A201,2
571,A14,30,A34,A43,5954,A61,A74,3,A93,A102,2,A123,38,A143,A152,1,A173,1,A191,A201,1
572,A14,24,A32,A41,5433,A65,A71,2,A92,A101,4,A122,26,A143,A151,1,A174,1,A192,A201,1
573,A11,15,A32,A49,806,A61,A73,4,A92,A101,4,A122,22,A143,A152,1,A172,1,A191,A201,1
574,A12,9,A32,A43,1082,A61,A75,4,A93,A101,4,A123,27,A143,A152,2,A172,1,A191,A201,1
575,A14,15,A34,A42,2788,A61,A74,2,A92,A102,3,A123,24,A141,A152,2,A173,1,A191,A201,1
576,A12,12,A32,A43,2930,A61,A74,2,A92,A101,1,A121,27,A143,A152,1,A173,1,A191,A201,1
577,A14,24,A34,A46,1927,A65,A73,3,A92,A101,2,A123,33,A143,A152,2,A173,1,A192,A201,1
578,A12,36,A34,A40,2820,A61,A72,4,A91,A101,4,A123,27,A143,A152,2,A173,1,A191,A201,2
579,A14,24,A32,A48,937,A61,A72,4,A94,A101,3,A123,27,A143,A152,2,A172,1,A191,A201,1
580,A12,18,A34,A40,1056,A61,A75,3,A93,A103,3,A121,30,A141,A152,2,A173,1,A191,A201,2
581,A12,12,A34,A40,3124,A61,A72,1,A93,A101,3,A121,49,A141,A152,2,A172,2,A191,A201,1
582,A14,9,A32,A42,1388,A61,A73,4,A92,A101,2,A121,26,A143,A151,1,A173,1,A191,A201,1
583,A12,36,A32,A45,2384,A61,A72,4,A93,A101,1,A124,33,A143,A151,1,A172,1,A191,A201,2
584,A14,12,A32,A40,2133,A65,A75,4,A92,A101,4,A124,52,A143,A153,1,A174,1,A192,A201,1
585,A11,18,A32,A42,2039,A61,A73,1,A92,A101,4,A121,20,A141,A151,1,A173,1,A191,A201,2
586,A11,9,A34,A40,2799,A61,A73,2,A93,A101,2,A121,36,A143,A151,2,A173,2,A191,A201,1
587,A11,12,A32,A42,1289,A61,A73,4,A93,A103,1,A122,21,A143,A152,1,A172,1,A191,A201,1
588,A11,18,A32,A44,1217,A61,A73,4,A94,A101,3,A121,47,A143,A152,1,A172,1,A192,A201,2
589,A11,12,A34,A42,2246,A61,A75,3,A93,A101,3,A122,60,A143,A152,2,A173,1,A191,A201,2
590,A11,12,A34,A43,385,A61,A74,4,A92,A101,3,A121,58,A143,A152,4,A172,1,A192,A201,1
591,A12,24,A33,A40,1965,A65,A73,4,A92,A101,4,A123,42,A143,A151,2,A173,1,A192,A201,1
592,A14,21,A32,A49,1572,A64,A75,4,A92,A101,4,A121,36,A141,A152,1,A172,1,A191,A201,1
593,A12,24,A32,A40,2718,A61,A73,3,A92,A101,4,A122,20,A143,A151,1,A172,1,A192,A201,2
594,A11,24,A31,A410,1358,A65,A75,4,A93,A101,3,A123,40,A142,A152,1,A174,1,A192,A201,2
595,A12,6,A31,A40,931,A62,A72,1,A92,A101,1,A122,32,A142,A152,1,A172,1,A191,A201,2
596,A11,24,A32,A40,1442,A61,A74,4,A92,A101,4,A123,23,A143,A151,2,A173,1,A191,A201,2
597,A12,24,A30,A49,4241,A61,A73,1,A93,A101,4,A121,36,A143,A152,3,A172,1,A192,A201,2
598,A14,18,A34,A40,2775,A61,A74,2,A93,A101,2,A122,31,A141,A152,2,A173,1,A191,A201,2
599,A14,24,A33,A49,3863,A61,A73,1,A93,A101,2,A124,32,A143,A153,1,A173,1,A191,A201,1
600,A12,7,A32,A43,2329,A61,A72,1,A92,A103,1,A121,45,A143,A152,1,A173,1,A191,A201,1
601,A12,9,A32,A42,918,A61,A73,4,A92,A101,1,A122,30,A143,A152,1,A173,1,A191,A201,2
602,A12,24,A31,A46,1837,A61,A74,4,A92,A101,4,A124,34,A141,A153,1,A172,1,A191,A201,2
603,A14,36,A32,A42,3349,A61,A73,4,A92,A101,2,A123,28,A143,A152,1,A174,1,A192,A201,2
604,A13,10,A32,A42,1275,A61,A72,4,A92,A101,2,A122,23,A143,A152,1,A173,1,A191,A201,1
605,A11,24,A31,A42,2828,A63,A73,4,A93,A101,4,A121,22,A142,A152,1,A173,1,A192,A201,1
606,A14,24,A34,A49,4526,A61,A73,3,A93,A101,2,A121,74,A143,A152,1,A174,1,A192,A201,1
607,A12,36,A32,A43,2671,A62,A73,4,A92,A102,4,A124,50,A143,A153,1,A173,1,A191,A201,2
608,A14,18,A32,A43,2051,A61,A72,4,A93,A101,1,A121,33,A143,A152,1,A173,1,A191,A201,1
609,A14,15,A32,A41,1300,A65,A75,4,A93,A101,4,A124,45,A141,A153,1,A173,2,A191,A201,1
610,A11,12,A32,A44,741,A62,A71,4,A92,A101,3,A122,22,A143,A152,1,A173,1,A191,A201,2
611,A13,10,A32,A40,1240,A62,A75,1,A92,A101,4,A124,48,A143,A153,1,A172,2,A191,A201,2
612,A11,21,A32,A43,3357,A64,A72,4,A92,A101,2,A123,29,A141,A152,1,A173,1,A191,A201,1
613,A11,24,A31,A41,3632,A61,A73,1,A92,A103,4,A123,22,A141,A151,1,A173,1,A191,A202,1
614,A14,18,A33,A42,1808,A61,A74,4,A92,A101,1,A121,22,A143,A152,1,A173,1,A191,A201,2
615,A12,48,A30,A49,12204,A65,A73,2,A93,A101,2,A123,48,A141,A152,1,A174,1,A192,A201,1
616,A12,60,A33,A43,9157,A65,A73,2,A93,A101,2,A124,27,A143,A153,1,A174,1,A191,A201,1
617,A11,6,A34,A40,3676,A61,A73,1,A93,A101,3,A121,37,A143,A151,3,A173,2,A191,A201,1
618,A12,30,A32,A42,3441,A62,A73,2,A92,A102,4,A123,21,A143,A151,1,A173,1,A191,A201,2
619,A14,12,A32,A40,640,A61,A73,4,A91,A101,2,A121,49,A143,A152,1,A172,1,A191,A201,1
620,A12,21,A34,A49,3652,A61,A74,2,A93,A101,3,A122,27,A143,A152,2,A173,1,A191,A201,1
621,A14,18,A34,A40,1530,A61,A73,3,A93,A101,2,A122,32,A141,A152,2,A173,1,A191,A201,2
622,A14,48,A32,A49,3914,A65,A73,4,A91,A101,2,A121,38,A141,A152,1,A173,1,A191,A201,2
623,A11,12,A32,A42,1858,A61,A72,4,A92,A101,1,A123,22,A143,A151,1,A173,1,A191,A201,1
624,A11,18,A32,A43,2600,A61,A73,4,A93,A101,4,A124,65,A143,A153,2,A173,1,A191,A201,2
625,A14,15,A32,A43,1979,A65,A75,4,A93,A101,2,A123,35,A143,A152,1,A173,1,A191,A201,1
626,A13,6,A32,A42,2116,A61,A73,2,A93,A101,2,A121,41,A143,A152,1,A173,1,A192,A201,1
627,A12,9,A31,A40,1437,A62,A74,2,A93,A101,3,A124,29,A143,A152,1,A173,1,A191,A201,2
628,A14,42,A34,A42,4042,A63,A73,4,A93,A101,4,A121,36,A143,A152,2,A173,1,A192,A201,1
629,A14,9,A32,A46,3832,A65,A75,1,A93,A101,4,A121,64,A143,A152,1,A172,1,A191,A201,1
630,A11,24,A32,A43,3660,A61,A73,2,A92,A101,4,A123,28,A143,A152,1,A173,1,A191,A201,1
631,A11,18,A31,A42,1553,A61,A73,4,A93,A101,3,A123,44,A141,A152,1,A173,1,A191,A201,2
632,A12,15,A32,A43,1444,A65,A72,4,A93,A101,1,A122,23,A143,A152,1,A173,1,A191,A201,1
633,A14,9,A32,A42,1980,A61,A72,2,A92,A102,2,A123,19,A143,A151,2,A173,1,A191,A201,2
634,A12,24,A32,A40,1355,A61,A72,3,A92,A101,4,A123,25,A143,A152,1,A172,1,A192,A201,2
635,A14,12,A32,A46,1393,A61,A75,4,A93,A101,4,A122,47,A141,A152,3,A173,2,A192,A201,1
636,A14,24,A32,A43,1376,A63,A74,4,A92,A101,1,A123,28,A143,A152,1,A173,1,A191,A201,1
637,A14,60,A33,A43,15653,A61,A74,2,A93,A101,4,A123,21,A143,A152,2,A173,1,A192,A201,1
638,A14,12,A32,A43,1493,A61,A72,4,A92,A101,3,A123,34,A143,A152,1,A173,2,A191,A201,1
639,A11,42,A33,A43,4370,A61,A74,3,A93,A101,2,A122,26,A141,A152,2,A173,2,A192,A201,2
640,A11,18,A32,A46,750,A61,A71,4,A92,A101,1,A121,27,A143,A152,1,A171,1,A191,A201,2
641,A12,15,A32,A45,1308,A61,A75,4,A93,A101,4,A123,38,A143,A152,2,A172,1,A191,A201,1
642,A14,15,A32,A46,4623,A62,A73,3,A93,A101,2,A122,40,A143,A152,1,A174,1,A192,A201,2
643,A14,24,A34,A43,1851,A61,A74,4,A94,A103,2,A123,33,A143,A152,2,A173,1,A192,A201,1
644,A11,18,A34,A43,1880,A61,A74,4,A94,A101,1,A122,32,A143,A152,2,A174,1,A192,A201,1
645,A14,36,A33,A49,7980,A65,A72,4,A93,A101,4,A123,27,A143,A151,2,A173,1,A192,A201,2
646,A11,30,A30,A42,4583,A61,A73,2,A91,A103,2,A121,32,A143,A152,2,A173,1,A191,A201,1
647,A14,12,A32,A40,1386,A63,A73,2,A92,A101,2,A122,26,A143,A152,1,A173,1,A191,A201,2
648,A13,24,A32,A40,947,A61,A74,4,A93,A101,3,A124,38,A141,A153,1,A173,2,A191,A201,2
649,A11,12,A32,A46,684,A61,A73,4,A93,A101,4,A123,40,A143,A151,1,A172,2,A191,A201,2
650,A11,48,A32,A46,7476,A61,A74,4,A93,A101,1,A124,50,A143,A153,1,A174,1,A192,A201,1
651,A12,12,A32,A42,1922,A61,A73,4,A93,A101,2,A122,37,A143,A152,1,A172,1,A191,A201,2
652,A11,24,A32,A40,2303,A61,A75,4,A93,A102,1,A121,45,A143,A152,1,A173,1,A191,A201,2
653,A12,36,A33,A40,8086,A62,A75,2,A93,A101,4,A123,42,A143,A152,4,A174,1,A192,A201,2
654,A14,24,A34,A41,2346,A61,A74,4,A93,A101,3,A123,35,A143,A152,2,A173,1,A192,A201,1
655,A11,14,A32,A40,3973,A61,A71,1,A93,A101,4,A124,22,A143,A153,1,A173,1,A191,A201,1
656,A12,12,A32,A40,888,A61,A75,4,A93,A101,4,A123,41,A141,A152,1,A172,2,A191,A201,2
657,A14,48,A32,A43,10222,A65,A74,4,A93,A101,3,A123,37,A142,A152,1,A173,1,A192,A201,1
658,A12,30,A30,A49,4221,A61,A73,2,A92,A101,1,A123,28,A143,A152,2,A173,1,A191,A201,1
659,A12,18,A34,A42,6361,A61,A75,2,A93,A101,1,A124,41,A143,A152,1,A173,1,A192,A201,1
660,A13,12,A32,A43,1297,A61,A73,3,A94,A101,4,A121,23,A143,A151,1,A173,1,A191,A201,1
661,A11,12,A32,A40,900,A65,A73,4,A94,A101,2,A123,23,A143,A152,1,A173,1,A191,A201,2
662,A14,21,A32,A42,2241,A61,A75,4,A93,A101,2,A121,50,A143,A152,2,A173,1,A191,A201,1
663,A12,6,A33,A42,1050,A61,A71,4,A93,A101,1,A122,35,A142,A152,2,A174,1,A192,A201,1
664,A13,6,A34,A46,1047,A61,A73,2,A92,A101,4,A122,50,A143,A152,1,A172,1,A191,A201,1
665,A14,24,A34,A410,6314,A61,A71,4,A93,A102,2,A124,27,A141,A152,2,A174,1,A192,A201,1
666,A12,30,A31,A42,3496,A64,A73,4,A93,A101,2,A123,34,A142,A152,1,A173,2,A192,A201,1
667,A14,48,A31,A49,3609,A61,A73,1,A92,A101,1,A121,27,A142,A152,1,A173,1,A191,A201,1
668,A11,12,A34,A40,4843,A61,A75,3,A93,A102,4,A122,43,A143,A151,2,A173,1,A192,A201,2
669,A13,30,A34,A43,3017,A61,A75,4,A93,A101,4,A122,47,A143,A152,1,A173,1,A191,A201,1
670,A14,24,A34,A49,4139,A62,A73,3,A93,A101,3,A122,27,A143,A152,2,A172,1,A192,A201,1
671,A14,36,A32,A49,5742,A62,A74,2,A93,A101,2,A123,31,A143,A152,2,A173,1,A192,A201,1
672,A14,60,A32,A40,10366,A61,A75,2,A93,A101,4,A122,42,A143,A152,1,A174,1,A192,A201,1
673,A14,6,A34,A40,2080,A63,A73,1,A94,A101,2,A123,24,A143,A152,1,A173,1,A191,A201,1
674,A14,21,A33,A49,2580,A63,A72,4,A93,A101,2,A121,41,A141,A152,1,A172,2,A191,A201,2
675,A14,30,A34,A43,4530,A61,A74,4,A92,A101,4,A123,26,A143,A151,1,A174,1,A192,A201,1
676,A14,24,A34,A42,5150,A61,A75,4,A93,A101,4,A123,33,A143,A152,1,A173,1,A192,A201,1
677,A12,72,A32,A43,5595,A62,A73,2,A94,A101,2,A123,24,A143,A152,1,A173,1,A191,A201,2
678,A11,24,A32,A43,2384,A61,A75,4,A93,A101,4,A121,64,A141,A151,1,A172,1,A191,A201,1
679,A14,18,A32,A43,1453,A61,A72,3,A92,A101,1,A121,26,A143,A152,1,A173,1,A191,A201,1
680,A14,6,A32,A46,1538,A61,A72,1,A92,A101,2,A124,56,A143,A152,1,A173,1,A191,A201,1
681,A14,12,A32,A43,2279,A65,A73,4,A93,A101,4,A124,37,A143,A153,1,A173,1,A192,A201,1
682,A14,15,A33,A43,1478,A61,A73,4,A94,A101,3,A121,33,A141,A152,2,A173,1,A191,A201,1
683,A14,24,A34,A43,5103,A61,A72,3,A94,A101,3,A124,47,A143,A153,3,A173,1,A192,A201,1
684,A12,36,A33,A49,9857,A62,A74,1,A93,A101,3,A122,31,A143,A152,2,A172,2,A192,A201,1
685,A14,60,A32,A40,6527,A65,A73,4,A93,A101,4,A124,34,A143,A153,1,A173,2,A192,A201,1
686,A13,10,A34,A43,1347,A65,A74,4,A93,A101,2,A122,27,A143,A152,2,A173,1,A192,A201,1
687,A12,36,A33,A40,2862,A62,A75,4,A93,A101,3,A124,30,A143,A153,1,A173,1,A191,A201,1
688,A14,9,A32,A43,2753,A62,A75,3,A93,A102,4,A123,35,A143,A152,1,A173,1,A192,A201,1
689,A11,12,A32,A40,3651,A64,A73,1,A93,A101,3,A122,31,A143,A152,1,A173,2,A191,A201,1
690,A11,15,A34,A42,975,A61,A73,2,A91,A101,3,A122,25,A143,A152,2,A173,1,A191,A201,1
691,A12,15,A32,A45,2631,A62,A73,3,A92,A101,2,A121,25,A143,A152,1,A172,1,A191,A201,1
692,A12,24,A32,A43,2896,A62,A72,2,A93,A101,1,A123,29,A143,A152,1,A173,1,A191,A201,1
693,A11,6,A34,A40,4716,A65,A72,1,A93,A101,3,A121,44,A143,A152,2,A172,2,A191,A201,1
694,A14,24,A32,A43,2284,A61,A74,4,A93,A101,2,A123,28,A143,A152,1,A173,1,A192,A201,1
695,A14,6,A32,A41,1236,A63,A73,2,A93,A101,4,A122,50,A143,A151,1,A173,1,A191,A201,1
696,A12,12,A32,A43,1103,A61,A74,4,A93,A103,3,A121,29,A143,A152,2,A173,1,A191,A202,1
697,A14,12,A34,A40,926,A61,A71,1,A92,A101,2,A122,38,A143,A152,1,A171,1,A191,A201,1
698,A14,18,A34,A43,1800,A61,A73,4,A93,A101,2,A123,24,A143,A152,2,A173,1,A191,A201,1
699,A13,15,A32,A46,1905,A61,A75,4,A93,A101,4,A123,40,A143,A151,1,A174,1,A192,A201,1
700,A14,12,A32,A42,1123,A63,A73,4,A92,A101,4,A123,29,A143,A151,1,A172,1,A191,A201,2
701,A11,48,A34,A41,6331,A61,A75,4,A93,A101,4,A124,46,A143,A153,2,A173,1,A192,A201,2
702,A13,24,A32,A43,1377,A62,A75,4,A92,A101,2,A124,47,A143,A153,1,A173,1,A192,A201,1
703,A12,30,A33,A49,2503,A62,A75,4,A93,A101,2,A122,41,A142,A152,2,A173,1,A191,A201,1
704,A12,27,A32,A49,2528,A61,A72,4,A92,A101,1,A122,32,A143,A152,1,A173,2,A192,A201,1
705,A14,15,A32,A40,5324,A63,A75,1,A92,A101,4,A124,35,A143,A153,1,A173,1,A191,A201,1
706,A12,48,A32,A40,6560,A62,A74,3,A93,A101,2,A122,24,A143,A152,1,A173,1,A191,A201,2
707,A12,12,A30,A42,2969,A61,A72,4,A92,A101,3,A122,25,A143,A151,2,A173,1,A191,A201,2
708,A12,9,A32,A43,1206,A61,A75,4,A92,A101,4,A121,25,A143,A152,1,A173,1,A191,A201,1
709,A12,9,A32,A43,2118,A61,A73,2,A93,A101,2,A121,37,A143,A152,1,A172,2,A191,A201,1
710,A14,18,A34,A43,629,A63,A75,4,A93,A101,3,A122,32,A141,A152,2,A174,1,A192,A201,1
711,A11,6,A31,A46,1198,A61,A75,4,A92,A101,4,A124,35,A143,A153,1,A173,1,A191,A201,2
712,A14,21,A32,A41,2476,A65,A75,4,A93,A101,4,A121,46,A143,A152,1,A174,1,A192,A201,1
713,A11,9,A34,A43,1138,A61,A73,4,A93,A101,4,A121,25,A143,A152,2,A172,1,A191,A201,1
714,A12,60,A32,A40,14027,A61,A74,4,A93,A101,2,A124,27,A143,A152,1,A174,1,A192,A201,2
715,A14,30,A34,A41,7596,A65,A75,1,A93,A101,4,A123,63,A143,A152,2,A173,1,A191,A201,1
716,A14,30,A34,A43,3077,A65,A75,3,A93,A101,2,A123,40,A143,A152,2,A173,2,A192,A201,1
717,A14,18,A32,A43,1505,A61,A73,4,A93,A101,2,A124,32,A143,A153,1,A174,1,A192,A201,1
718,A13,24,A34,A43,3148,A65,A73,3,A93,A101,2,A123,31,A143,A152,2,A173,1,A192,A201,1
719,A12,20,A30,A41,6148,A62,A75,3,A94,A101,4,A123,31,A141,A152,2,A173,1,A192,A201,1
720,A13,9,A30,A43,1337,A61,A72,4,A93,A101,2,A123,34,A143,A152,2,A174,1,A192,A201,2
721,A12,6,A31,A46,433,A64,A72,4,A92,A101,2,A122,24,A141,A151,1,A173,2,A191,A201,2
722,A11,12,A32,A40,1228,A61,A73,4,A92,A101,2,A121,24,A143,A152,1,A172,1,A191,A201,2
723,A12,9,A32,A43,790,A63,A73,4,A92,A101,3,A121,66,A143,A152,1,A172,1,A191,A201,1
724,A14,27,A32,A40,2570,A61,A73,3,A92,A101,3,A121,21,A143,A151,1,A173,1,A191,A201,2
725,A14,6,A34,A40,250,A64,A73,2,A92,A101,2,A121,41,A141,A152,2,A172,1,A191,A201,1
726,A14,15,A34,A43,1316,A63,A73,2,A94,A101,2,A122,47,A143,A152,2,A172,1,A191,A201,1
727,A11,18,A32,A43,1882,A61,A73,4,A92,A101,4,A123,25,A141,A151,2,A173,1,A191,A201,2
728,A12,48,A31,A49,6416,A61,A75,4,A92,A101,3,A124,59,A143,A151,1,A173,1,A191,A201,2
729,A13,24,A34,A49,1275,A64,A73,2,A91,A101,4,A121,36,A143,A152,2,A173,1,A192,A201,1
730,A12,24,A33,A43,6403,A61,A72,1,A93,A101,2,A123,33,A143,A152,1,A173,1,A191,A201,1
731,A11,24,A32,A43,1987,A61,A73,2,A93,A101,4,A121,21,A143,A151,1,A172,2,A191,A201,2
732,A12,8,A32,A43,760,A61,A74,4,A92,A103,2,A121,44,A143,A152,1,A172,1,A191,A201,1
733,A14,24,A32,A41,2603,A64,A73,2,A92,A101,4,A123,28,A143,A151,1,A173,1,A192,A201,1
734,A14,4,A34,A40,3380,A61,A74,1,A92,A101,1,A121,37,A143,A152,1,A173,2,A191,A201,1
735,A12,36,A31,A44,3990,A65,A72,3,A92,A101,2,A124,29,A141,A152,1,A171,1,A191,A201,1
736,A12,24,A32,A41,11560,A61,A73,1,A92,A101,4,A123,23,A143,A151,2,A174,1,A191,A201,2
737,A11,18,A32,A40,4380,A62,A73,3,A93,A101,4,A123,35,A143,A152,1,A172,2,A192,A201,1
738,A14,6,A34,A40,6761,A61,A74,1,A93,A101,3,A124,45,A143,A152,2,A174,2,A192,A201,1
739,A12,30,A30,A49,4280,A62,A73,4,A92,A101,4,A123,26,A143,A151,2,A172,1,A191,A201,2
740,A11,24,A31,A40,2325,A62,A74,2,A93,A101,3,A123,32,A141,A152,1,A173,1,A191,A201,1
741,A12,10,A31,A43,1048,A61,A73,4,A93,A101,4,A121,23,A142,A152,1,A172,1,A191,A201,1
742,A14,21,A32,A43,3160,A65,A75,4,A93,A101,3,A122,41,A143,A152,1,A173,1,A192,A201,1
743,A11,24,A31,A42,2483,A63,A73,4,A93,A101,4,A121,22,A142,A152,1,A173,1,A192,A201,1
744,A11,39,A34,A42,14179,A65,A74,4,A93,A101,4,A122,30,A143,A152,2,A174,1,A192,A201,1
745,A11,13,A34,A49,1797,A61,A72,3,A93,A101,1,A122,28,A141,A152,2,A172,1,A191,A201,1
746,A11,15,A32,A40,2511,A61,A71,1,A92,A101,4,A123,23,A143,A151,1,A173,1,A191,A201,1
747,A11,12,A32,A40,1274,A61,A72,3,A92,A101,1,A121,37,A143,A152,1,A172,1,A191,A201,2
748,A14,21,A32,A41,5248,A65,A73,1,A93,A101,3,A123,26,A143,A152,1,A173,1,A191,A201,1
749,A14,15,A32,A41,3029,A61,A74,2,A93,A101,2,A123,33,A143,A152,1,A173,1,A191,A201,1
750,A11,6,A32,A42,428,A61,A75,2,A92,A101,1,A122,49,A141,A152,1,A173,1,A192,A201,1
751,A11,18,A32,A40,976,A61,A72,1,A92,A101,2,A123,23,A143,A152,1,A172,1,A191,A201,2
752,A12,12,A32,A49,841,A62,A74,2,A92,A101,4,A121,23,A143,A151,1,A172,1,A191,A201,1
753,A14,30,A34,A43,5771,A61,A74,4,A92,A101,2,A123,25,A143,A152,2,A173,1,A191,A201,1
754,A14,12,A33,A45,1555,A64,A75,4,A93,A101,4,A124,55,A143,A153,2,A173,2,A191,A201,2
755,A11,24,A32,A40,1285,A65,A74,4,A92,A101,4,A124,32,A143,A151,1,A173,1,A191,A201,2
756,A13,6,A34,A40,1299,A61,A73,1,A93,A101,1,A121,74,A143,A152,3,A171,2,A191,A202,1
757,A13,15,A34,A43,1271,A65,A73,3,A93,A101,4,A124,39,A143,A153,2,A173,1,A192,A201,2
758,A14,24,A32,A40,1393,A61,A73,2,A93,A103,2,A121,31,A143,A152,1,A173,1,A192,A201,1
759,A11,12,A34,A40,691,A61,A75,4,A93,A101,3,A122,35,A143,A152,2,A173,1,A191,A201,2
760,A14,15,A34,A40,5045,A65,A75,1,A92,A101,4,A123,59,A143,A152,1,A173,1,A192,A201,1
761,A11,18,A34,A42,2124,A61,A73,4,A92,A101,4,A121,24,A143,A151,2,A173,1,A191,A201,2
762,A11,12,A32,A43,2214,A61,A73,4,A93,A101,3,A122,24,A143,A152,1,A172,1,A191,A201,1
763,A14,21,A34,A40,12680,A65,A75,4,A93,A101,4,A124,30,A143,A153,1,A174,1,A192,A201,2
764,A14,24,A34,A40,2463,A62,A74,4,A94,A101,3,A122,27,A143,A152,2,A173,1,A192,A201,1
765,A12,12,A32,A43,1155,A61,A75,3,A94,A103,3,A121,40,A141,A152,2,A172,1,A191,A201,1
766,A11,30,A32,A42,3108,A61,A72,2,A91,A101,4,A122,31,A143,A152,1,A172,1,A191,A201,2
767,A14,10,A32,A41,2901,A65,A72,1,A92,A101,4,A121,31,A143,A151,1,A173,1,A191,A201,1
768,A12,12,A34,A42,3617,A61,A75,1,A93,A101,4,A123,28,A143,A151,3,A173,1,A192,A201,1
769,A14,12,A34,A43,1655,A61,A75,2,A93,A101,4,A121,63,A143,A152,2,A172,1,A192,A201,1
770,A11,24,A32,A41,2812,A65,A75,2,A92,A101,4,A121,26,A143,A151,1,A173,1,A191,A201,1
771,A11,36,A34,A46,8065,A61,A73,3,A92,A101,2,A124,25,A143,A152,2,A174,1,A192,A201,2
772,A14,21,A34,A41,3275,A61,A75,1,A93,A101,4,A123,36,A143,A152,1,A174,1,A192,A201,1
773,A14,24,A34,A43,2223,A62,A75,4,A93,A101,4,A122,52,A141,A152,2,A173,1,A191,A201,1
774,A13,12,A34,A40,1480,A63,A71,2,A93,A101,4,A124,66,A141,A153,3,A171,1,A191,A201,1
775,A11,24,A32,A40,1371,A65,A73,4,A92,A101,4,A121,25,A143,A151,1,A173,1,A191,A201,2
776,A14,36,A34,A40,3535,A61,A74,4,A93,A101,4,A123,37,A143,A152,2,A173,1,A192,A201,1
777,A11,18,A32,A43,3509,A61,A74,4,A92,A103,1,A121,25,A143,A152,1,A173,1,A191,A201,1
778,A14,36,A34,A41,5711,A64,A75,4,A93,A101,2,A123,38,A143,A152,2,A174,1,A192,A201,1
779,A12,18,A32,A45,3872,A61,A71,2,A92,A101,4,A123,67,A143,A152,1,A173,1,A192,A201,1
780,A12,39,A34,A43,4933,A61,A74,2,A93,A103,2,A121,25,A143,A152,2,A173,1,A191,A201,2
781,A14,24,A34,A40,1940,A64,A75,4,A93,A101,4,A121,60,A143,A152,1,A173,1,A192,A201,1
782,A12,12,A30,A48,1410,A61,A73,2,A93,A101,2,A121,31,A143,A152,1,A172,1,A192,A201,1
783,A12,12,A32,A40,836,A62,A72,4,A92,A101,2,A122,23,A141,A152,1,A172,1,A191,A201,2
784,A12,20,A32,A41,6468,A65,A71,1,A91,A101,4,A121,60,A143,A152,1,A174,1,A192,A201,1
785,A12,18,A32,A49,1941,A64,A73,4,A93,A101,2,A122,35,A143,A152,1,A172,1,A192,A201,1
786,A14,22,A32,A43,2675,A63,A75,3,A93,A101,4,A123,40,A143,A152,1,A173,1,A191,A201,1
787,A14,48,A34,A41,2751,A65,A75,4,A93,A101,3,A123,38,A143,A152,2,A173,2,A192,A201,1
788,A12,48,A33,A46,6224,A61,A75,4,A93,A101,4,A124,50,A143,A153,1,A173,1,A191,A201,2
789,A11,40,A34,A46,5998,A61,A73,4,A93,A101,3,A124,27,A141,A152,1,A173,1,A192,A201,2
790,A12,21,A32,A49,1188,A61,A75,2,A92,A101,4,A122,39,A143,A152,1,A173,2,A191,A201,2
791,A14,24,A32,A41,6313,A65,A75,3,A93,A101,4,A123,41,A143,A152,1,A174,2,A192,A201,1
792,A14,6,A34,A42,1221,A65,A73,1,A94,A101,2,A122,27,A143,A152,2,A173,1,A191,A201,1
793,A13,24,A32,A42,2892,A61,A75,3,A91,A101,4,A124,51,A143,A153,1,A173,1,A191,A201,1
794,A14,24,A32,A42,3062,A63,A75,4,A93,A101,3,A124,32,A143,A151,1,A173,1,A192,A201,1
795,A14,9,A32,A42,2301,A62,A72,2,A92,A101,4,A122,22,A143,A151,1,A173,1,A191,A201,1
796,A11,18,A32,A41,7511,A65,A75,1,A93,A101,4,A122,51,A143,A153,1,A173,2,A192,A201,2
797,A14,12,A34,A42,1258,A61,A72,2,A92,A101,4,A122,22,A143,A151,2,A172,1,A191,A201,1
798,A14,24,A33,A40,717,A65,A75,4,A94,A101,4,A123,54,A143,A152,2,A173,1,A192,A201,1
799,A12,9,A32,A40,1549,A65,A72,4,A93,A101,2,A121,35,A143,A152,1,A171,1,A191,A201,1
800,A14,24,A34,A46,1597,A61,A75,4,A93,A101,4,A124,54,A143,A153,2,A173,2,A191,A201,1
801,A12,18,A34,A43,1795,A61,A75,3,A92,A103,4,A121,48,A141,A151,2,A172,1,A192,A201,1
802,A11,20,A34,A42,4272,A61,A75,1,A92,A101,4,A122,24,A143,A152,2,A173,1,A191,A201,1
803,A14,12,A34,A43,976,A65,A75,4,A93,A101,4,A123,35,A143,A152,2,A173,1,A191,A201,1
804,A12,12,A32,A40,7472,A65,A71,1,A92,A101,2,A121,24,A143,A151,1,A171,1,A191,A201,1
805,A11,36,A32,A40,9271,A61,A74,2,A93,A101,1,A123,24,A143,A152,1,A173,1,A192,A201,2
806,A12,6,A32,A43,590,A61,A72,3,A94,A101,3,A121,26,A143,A152,1,A172,1,A191,A202,1
807,A14,12,A34,A43,930,A65,A75,4,A93,A101,4,A121,65,A143,A152,4,A173,1,A191,A201,1
808,A12,42,A31,A41,9283,A61,A71,1,A93,A101,2,A124,55,A141,A153,1,A174,1,A192,A201,1
809,A12,15,A30,A40,1778,A61,A72,2,A92,A101,1,A121,26,A143,A151,2,A171,1,A191,A201,2
810,A12,8,A32,A49,907,A61,A72,3,A94,A101,2,A121,26,A143,A152,1,A173,1,A192,A201,1
811,A12,6,A32,A43,484,A61,A74,3,A94,A103,3,A121,28,A141,A152,1,A172,1,A191,A201,1
812,A11,36,A34,A41,9629,A61,A74,4,A93,A101,4,A123,24,A143,A152,2,A173,1,A192,A201,2
813,A11,48,A32,A44,3051,A61,A73,3,A93,A101,4,A123,54,A143,A152,1,A173,1,A191,A201,2
814,A11,48,A32,A40,3931,A61,A74,4,A93,A101,4,A124,46,A143,A153,1,A173,2,A191,A201,2
815,A12,36,A33,A40,7432,A61,A73,2,A92,A101,2,A122,54,A143,A151,1,A173,1,A191,A201,1
816,A14,6,A32,A44,1338,A63,A73,1,A91,A101,4,A121,62,A143,A152,1,A173,1,A191,A201,1
817,A14,6,A34,A43,1554,A61,A74,1,A92,A101,2,A123,24,A143,A151,2,A173,1,A192,A201,1
818,A11,36,A32,A410,15857,A61,A71,2,A91,A102,3,A123,43,A143,A152,1,A174,1,A191,A201,1
819,A11,18,A32,A43,1345,A61,A73,4,A94,A101,3,A121,26,A141,A152,1,A173,1,A191,A201,2
820,A14,12,A32,A40,1101,A61,A73,3,A94,A101,2,A121,27,A143,A152,2,A173,1,A192,A201,1
821,A13,12,A32,A43,3016,A61,A73,3,A94,A101,1,A123,24,A143,A152,1,A173,1,A191,A201,1
822,A11,36,A32,A42,2712,A61,A75,2,A93,A101,2,A122,41,A141,A152,1,A173,2,A191,A201,2
823,A11,8,A34,A40,731,A61,A75,4,A93,A101,4,A121,47,A143,A152,2,A172,1,A191,A201,1
824,A14,18,A34,A42,3780,A61,A72,3,A91,A101,2,A123,35,A143,A152,2,A174,1,A192,A201,1
825,A11,21,A34,A40,1602,A61,A75,4,A94,A101,3,A123,30,A143,A152,2,A173,1,A192,A201,1
826,A11,18,A34,A40,3966,A61,A75,1,A92,A101,4,A121,33,A141,A151,3,A173,1,A192,A201,2
827,A14,18,A30,A49,4165,A61,A73,2,A93,A101,2,A123,36,A142,A152,2,A173,2,A191,A201,2
828,A11,36,A32,A41,8335,A65,A75,3,A93,A101,4,A124,47,A143,A153,1,A173,1,A191,A201,2
829,A12,48,A33,A49,6681,A65,A73,4,A93,A101,4,A124,38,A143,A153,1,A173,2,A192,A201,1
830,A14,24,A33,A49,2375,A63,A73,4,A93,A101,2,A123,44,A143,A152,2,A173,2,A192,A201,1
831,A11,18,A32,A40,1216,A61,A72,4,A92,A101,3,A123,23,A143,A151,1,A173,1,A192,A201,2
832,A11,45,A30,A49,11816,A61,A75,2,A93,A101,4,A123,29,A143,A151,2,A173,1,A191,A201,2
833,A12,24,A32,A43,5084,A65,A75,2,A92,A101,4,A123,42,A143,A152,1,A173,1,A192,A201,1
834,A13,15,A32,A43,2327,A61,A72,2,A92,A101,3,A121,25,A143,A152,1,A172,1,A191,A201,2
835,A11,12,A30,A40,1082,A61,A73,4,A93,A101,4,A123,48,A141,A152,2,A173,1,A191,A201,2
836,A14,12,A32,A43,886,A65,A73,4,A92,A101,2,A123,21,A143,A152,1,A173,1,A191,A201,1
837,A14,4,A32,A42,601,A61,A72,1,A92,A101,3,A121,23,A143,A151,1,A172,2,A191,A201,1
838,A11,24,A34,A41,2957,A61,A75,4,A93,A101,4,A122,63,A143,A152,2,A173,1,A192,A201,1
839,A14,24,A34,A43,2611,A61,A75,4,A94,A102,3,A121,46,A143,A152,2,A173,1,A191,A201,1
840,A11,36,A32,A42,5179,A61,A74,4,A93,A101,2,A122,29,A143,A152,1,A173,1,A191,A201,2
841,A14,21,A33,A41,2993,A61,A73,3,A93,A101,2,A121,28,A142,A152,2,A172,1,A191,A201,1
842,A14,18,A32,A45,1943,A61,A72,4,A92,A101,4,A121,23,A143,A152,1,A173,1,A191,A201,2
843,A14,24,A31,A49,1559,A61,A74,4,A93,A101,4,A123,50,A141,A152,1,A173,1,A192,A201,1
844,A14,18,A32,A42,3422,A61,A75,4,A93,A101,4,A122,47,A141,A152,3,A173,2,A192,A201,1
845,A12,21,A32,A42,3976,A65,A74,2,A93,A101,3,A123,35,A143,A152,1,A173,1,A192,A201,1
846,A14,18,A32,A40,6761,A65,A73,2,A93,A101,4,A123,68,A143,A151,2,A173,1,A191,A201,2
847,A14,24,A32,A40,1249,A61,A72,4,A94,A101,2,A121,28,A143,A152,1,A173,1,A191,A201,1
848,A11,9,A32,A43,1364,A61,A74,3,A93,A101,4,A121,59,A143,A152,1,A173,1,A191,A201,1
849,A11,12,A32,A43,709,A61,A75,4,A93,A101,4,A121,57,A142,A152,1,A172,1,A191,A201,2
850,A11,20,A34,A40,2235,A61,A73,4,A94,A103,2,A122,33,A141,A151,2,A173,1,A191,A202,2
851,A14,24,A34,A41,4042,A65,A74,3,A93,A101,4,A122,43,A143,A152,2,A173,1,A192,A201,1
852,A14,15,A34,A43,1471,A61,A73,4,A93,A101,4,A124,35,A143,A153,2,A173,1,A192,A201,1
853,A11,18,A31,A40,1442,A61,A74,4,A93,A101,4,A124,32,A143,A153,2,A172,2,A191,A201,2
854,A14,36,A33,A40,10875,A61,A75,2,A93,A101,2,A123,45,A143,A152,2,A173,2,A192,A201,1
855,A14,24,A32,A40,1474,A62,A72,4,A94,A101,3,A121,33,A143,A152,1,A173,1,A192,A201,1
856,A14,10,A32,A48,894,A65,A74,4,A92,A101,3,A122,40,A143,A152,1,A173,1,A192,A201,1
857,A14,15,A34,A42,3343,A61,A73,4,A93,A101,2,A124,28,A143,A153,1,A173,1,A192,A201,1
858,A11,15,A32,A40,3959,A61,A73,3,A92,A101,2,A122,29,A143,A152,1,A173,1,A192,A201,2
859,A14,9,A32,A40,3577,A62,A73,1,A93,A103,2,A121,26,A143,A151,1,A173,2,A191,A202,1
860,A14,24,A34,A41,5804,A64,A73,4,A93,A101,2,A121,27,A143,A152,2,A173,1,A191,A201,1
861,A14,18,A33,A49,2169,A61,A73,4,A94,A101,2,A123,28,A143,A152,1,A173,1,A192,A201,2
862,A11,24,A32,A43,2439,A61,A72,4,A92,A101,4,A121,35,A143,A152,1,A173,1,A192,A201,2
863,A14,27,A34,A42,4526,A64,A72,4,A93,A101,2,A121,32,A142,A152,2,A172,2,A192,A201,1
864,A14,10,A32,A42,2210,A61,A73,2,A93,A101,2,A121,25,A141,A151,1,A172,1,A191,A201,2
865,A14,15,A32,A42,2221,A63,A73,2,A92,A101,4,A123,20,A143,A151,1,A173,1,A191,A201,1
866,A11,18,A32,A43,2389,A61,A72,4,A92,A101,1,A123,27,A142,A152,1,A173,1,A191,A201,1
867,A14,12,A34,A42,3331,A61,A75,2,A93,A101,4,A122,42,A142,A152,1,A173,1,A191,A201,1
868,A14,36,A32,A49,7409,A65,A75,3,A93,A101,2,A122,37,A143,A152,2,A173,1,A191,A201,1
869,A11,12,A32,A42,652,A61,A75,4,A92,A101,4,A122,24,A143,A151,1,A173,1,A191,A201,1
870,A14,36,A33,A42,7678,A63,A74,2,A92,A101,4,A123,40,A143,A152,2,A173,1,A192,A201,1
871,A13,6,A34,A40,1343,A61,A75,1,A93,A101,4,A121,46,A143,A152,2,A173,2,A191,A202,1
872,A11,24,A34,A49,1382,A62,A74,4,A93,A101,1,A121,26,A143,A152,2,A173,1,A192,A201,1
873,A14,15,A32,A44,874,A65,A72,4,A92,A101,1,A121,24,A143,A152,1,A173,1,A191,A201,1
874,A11,12,A32,A42,3590,A61,A73,2,A93,A102,2,A122,29,A143,A152,1,A172,2,A191,A201,1
875,A12,11,A34,A40,1322,A64,A73,4,A92,A101,4,A123,40,A143,A152,2,A173,1,A191,A201,1
876,A11,18,A31,A43,1940,A61,A72,3,A93,A102,4,A124,36,A141,A153,1,A174,1,A192,A201,1
877,A14,36,A32,A43,3595,A61,A75,4,A93,A101,2,A123,28,A143,A152,1,A173,1,A191,A201,1
878,A11,9,A32,A40,1422,A61,A72,3,A93,A101,2,A124,27,A143,A153,1,A174,1,A192,A201,2
879,A14,30,A34,A43,6742,A65,A74,2,A93,A101,3,A122,36,A143,A152,2,A173,1,A191,A201,1
880,A14,24,A32,A41,7814,A61,A74,3,A93,A101,3,A123,38,A143,A152,1,A174,1,A192,A201,1
881,A14,24,A32,A41,9277,A65,A73,2,A91,A101,4,A124,48,A143,A153,1,A173,1,A192,A201,1
882,A12,30,A34,A40,2181,A65,A75,4,A93,A101,4,A121,36,A143,A152,2,A173,1,A191,A201,1
883,A14,18,A34,A43,1098,A61,A71,4,A92,A101,4,A123,65,A143,A152,2,A171,1,A191,A201,1
884,A12,24,A32,A42,4057,A61,A74,3,A91,A101,3,A123,43,A143,A152,1,A173,1,A192,A201,2
885,A11,12,A32,A46,795,A61,A72,4,A92,A101,4,A122,53,A143,A152,1,A173,1,A191,A201,2
886,A12,24,A34,A49,2825,A65,A74,4,A93,A101,3,A124,34,A143,A152,2,A173,2,A192,A201,1
887,A12,48,A32,A49,15672,A61,A73,2,A93,A101,2,A123,23,A143,A152,1,A173,1,A192,A201,2
888,A14,36,A34,A40,6614,A61,A75,4,A93,A101,4,A123,34,A143,A152,2,A174,1,A192,A201,1
889,A14,28,A31,A41,7824,A65,A72,3,A93,A103,4,A121,40,A141,A151,2,A173,2,A192,A201,1
890,A11,27,A34,A49,2442,A61,A75,4,A93,A101,4,A123,43,A142,A152,4,A174,2,A192,A201,1
891,A14,15,A34,A43,1829,A61,A75,4,A93,A101,4,A123,46,A143,A152,2,A173,1,A192,A201,1
892,A11,12,A34,A40,2171,A61,A73,4,A93,A101,4,A122,38,A141,A152,2,A172,1,A191,A202,1
893,A12,36,A34,A41,5800,A61,A73,3,A93,A101,4,A123,34,A143,A152,2,A173,1,A192,A201,1
894,A14,18,A34,A43,1169,A65,A73,4,A93,A101,3,A122,29,A143,A152,2,A173,1,A192,A201,1
895,A14,36,A33,A41,8947,A65,A74,3,A93,A101,2,A123,31,A142,A152,1,A174,2,A192,A201,1
896,A11,21,A32,A43,2606,A61,A72,4,A92,A101,4,A122,28,A143,A151,1,A174,1,A192,A201,1
897,A14,12,A34,A42,1592,A64,A74,3,A92,A101,2,A122,35,A143,A152,1,A173,1,A191,A202,1
898,A14,15,A32,A42,2186,A65,A74,1,A92,A101,4,A121,33,A141,A151,1,A172,1,A191,A201,1
899,A11,18,A32,A42,4153,A61,A73,2,A93,A102,3,A123,42,A143,A152,1,A173,1,A191,A201,2
900,A11,16,A34,A40,2625,A61,A75,2,A93,A103,4,A122,43,A141,A151,1,A173,1,A192,A201,2
901,A14,20,A34,A40,3485,A65,A72,2,A91,A101,4,A121,44,A143,A152,2,A173,1,A192,A201,1
902,A14,36,A34,A41,10477,A65,A75,2,A93,A101,4,A124,42,A143,A153,2,A173,1,A191,A201,1
903,A14,15,A32,A43,1386,A65,A73,4,A94,A101,2,A121,40,A143,A151,1,A173,1,A192,A201,1
904,A14,24,A32,A43,1278,A61,A75,4,A93,A101,1,A121,36,A143,A152,1,A174,1,A192,A201,1
905,A11,12,A32,A43,1107,A61,A73,2,A93,A101,2,A121,20,A143,A151,1,A174,2,A192,A201,1
906,A11,21,A32,A40,3763,A65,A74,2,A93,A102,2,A121,24,A143,A152,1,A172,1,A191,A202,1
907,A12,36,A32,A46,3711,A65,A73,2,A94,A101,2,A123,27,A143,A152,1,A173,1,A191,A201,1
908,A14,15,A33,A41,3594,A61,A72,1,A92,A101,2,A122,46,A143,A152,2,A172,1,A191,A201,1
909,A12,9,A32,A40,3195,A65,A73,1,A92,A101,2,A121,33,A143,A152,1,A172,1,A191,A201,1
910,A14,36,A33,A43,4454,A61,A73,4,A92,A101,4,A121,34,A143,A152,2,A173,1,A191,A201,1
911,A12,24,A34,A42,4736,A61,A72,2,A92,A101,4,A123,25,A141,A152,1,A172,1,A191,A201,2
912,A12,30,A32,A43,2991,A65,A75,2,A92,A101,4,A123,25,A143,A152,1,A173,1,A191,A201,1
913,A14,11,A32,A49,2142,A64,A75,1,A91,A101,2,A121,28,A143,A152,1,A173,1,A192,A201,1
914,A11,24,A31,A49,3161,A61,A73,4,A93,A101,2,A122,31,A143,A151,1,A173,1,A192,A201,2
915,A12,48,A30,A410,18424,A61,A73,1,A92,A101,2,A122,32,A141,A152,1,A174,1,A192,A202,2
916,A14,10,A32,A41,2848,A62,A73,1,A93,A102,2,A121,32,A143,A152,1,A173,2,A191,A201,1
917,A11,6,A32,A40,14896,A61,A75,1,A93,A101,4,A124,68,A141,A152,1,A174,1,A192,A201,2
918,A11,24,A32,A42,2359,A62,A71,1,A91,A101,1,A122,33,A143,A152,1,A173,1,A191,A201,2
919,A11,24,A32,A42,3345,A61,A75,4,A93,A101,2,A122,39,A143,A151,1,A174,1,A192,A201,2
920,A14,18,A34,A42,1817,A61,A73,4,A92,A101,2,A124,28,A143,A152,2,A173,1,A191,A201,1
921,A14,48,A33,A43,12749,A63,A74,4,A93,A101,1,A123,37,A143,A152,1,A174,1,A192,A201,1
922,A11,9,A32,A43,1366,A61,A72,3,A92,A101,4,A122,22,A143,A151,1,A173,1,A191,A201,2
923,A12,12,A32,A40,2002,A61,A74,3,A93,A101,4,A122,30,A143,A151,1,A173,2,A192,A201,1
924,A11,24,A31,A42,6872,A61,A72,2,A91,A101,1,A122,55,A141,A152,1,A173,1,A192,A201,2
925,A11,12,A31,A40,697,A61,A72,4,A93,A101,2,A123,46,A141,A152,2,A173,1,A192,A201,2
926,A11,18,A34,A42,1049,A61,A72,4,A92,A101,4,A122,21,A143,A151,1,A173,1,A191,A201,1
927,A11,48,A32,A41,10297,A61,A74,4,A93,A101,4,A124,39,A142,A153,3,A173,2,A192,A201,2
928,A14,30,A32,A43,1867,A65,A75,4,A93,A101,4,A123,58,A143,A152,1,A173,1,A192,A201,1
929,A11,12,A33,A40,1344,A61,A73,4,A93,A101,2,A121,43,A143,A152,2,A172,2,A191,A201,1
930,A11,24,A32,A42,1747,A61,A72,4,A93,A102,1,A122,24,A143,A152,1,A172,1,A191,A202,1
931,A12,9,A32,A43,1670,A61,A72,4,A92,A101,2,A123,22,A143,A152,1,A173,1,A192,A201,2
932,A14,9,A34,A40,1224,A61,A73,3,A93,A101,1,A121,30,A143,A152,2,A173,1,A191,A201,1
933,A14,12,A34,A43,522,A63,A75,4,A93,A101,4,A122,42,A143,A152,2,A173,2,A192,A201,1
934,A11,12,A32,A43,1498,A61,A73,4,A92,A101,1,A123,23,A141,A152,1,A173,1,A191,A201,1
935,A12,30,A33,A43,1919,A62,A72,4,A93,A101,3,A124,30,A142,A152,2,A174,1,A191,A201,2
936,A13,9,A32,A43,745,A61,A73,3,A92,A101,2,A121,28,A143,A152,1,A172,1,A191,A201,2
937,A12,6,A32,A43,2063,A61,A72,4,A94,A101,3,A123,30,A143,A151,1,A174,1,A192,A201,1
938,A12,60,A32,A46,6288,A61,A73,4,A93,A101,4,A124,42,A143,A153,1,A173,1,A191,A201,2
939,A14,24,A34,A41,6842,A65,A73,2,A93,A101,4,A122,46,A143,A152,2,A174,2,A192,A201,1
940,A14,12,A32,A40,3527,A65,A72,2,A93,A101,3,A122,45,A143,A152,1,A174,2,A192,A201,1
941,A14,10,A32,A40,1546,A61,A73,3,A93,A101,2,A121,31,A143,A152,1,A172,2,A191,A202,1
942,A14,24,A32,A42,929,A65,A74,4,A93,A101,2,A123,31,A142,A152,1,A173,1,A192,A201,1
943,A14,4,A34,A40,1455,A61,A74,2,A93,A101,1,A121,42,A143,A152,3,A172,2,A191,A201,1
944,A11,15,A32,A42,1845,A61,A72,4,A92,A103,1,A122,46,A143,A151,1,A173,1,A191,A201,1
945,A12,48,A30,A40,8358,A63,A72,1,A92,A101,1,A123,30,A143,A152,2,A173,1,A191,A201,1
946,A11,24,A31,A42,3349,A63,A72,4,A93,A101,4,A124,30,A143,A153,1,A173,2,A192,A201,2
947,A14,12,A32,A40,2859,A65,A71,4,A93,A101,4,A124,38,A143,A152,1,A174,1,A192,A201,1
948,A14,18,A32,A42,1533,A61,A72,4,A94,A102,1,A122,43,A143,A152,1,A172,2,A191,A201,2
949,A14,24,A32,A43,3621,A62,A75,2,A93,A101,4,A123,31,A143,A152,2,A173,1,A191,A201,2
950,A12,18,A34,A49,3590,A61,A71,3,A94,A101,3,A123,40,A143,A152,3,A171,2,A192,A201,1
951,A11,36,A33,A49,2145,A61,A74,2,A93,A101,1,A123,24,A143,A152,2,A173,1,A192,A201,2
952,A12,24,A32,A41,4113,A63,A72,3,A92,A101,4,A123,28,A143,A151,1,A173,1,A191,A201,2
953,A14,36,A32,A42,10974,A61,A71,4,A92,A101,2,A123,26,A143,A152,2,A174,1,A192,A201,2
954,A11,12,A32,A40,1893,A61,A73,4,A92,A103,4,A122,29,A143,A152,1,A173,1,A192,A201,1
955,A11,24,A34,A43,1231,A64,A75,4,A92,A101,4,A122,57,A143,A151,2,A174,1,A192,A201,1
956,A13,30,A34,A43,3656,A65,A75,4,A93,A101,4,A122,49,A142,A152,2,A172,1,A191,A201,1
957,A12,9,A34,A43,1154,A61,A75,2,A93,A101,4,A121,37,A143,A152,3,A172,1,A191,A201,1
958,A11,28,A32,A40,4006,A61,A73,3,A93,A101,2,A123,45,A143,A152,1,A172,1,A191,A201,2
959,A12,24,A32,A42,3069,A62,A75,4,A93,A101,4,A124,30,A143,A153,1,A173,1,A191,A201,1
960,A14,6,A34,A43,1740,A61,A75,2,A94,A101,2,A121,30,A143,A151,2,A173,1,A191,A201,1
961,A12,21,A33,A40,2353,A61,A73,1,A91,A101,4,A122,47,A143,A152,2,A173,1,A191,A201,1
962,A14,15,A32,A40,3556,A65,A73,3,A93,A101,2,A124,29,A143,A152,1,A173,1,A191,A201,1
963,A14,24,A32,A43,2397,A63,A75,3,A93,A101,2,A123,35,A141,A152,2,A173,1,A192,A201,2
964,A12,6,A32,A45,454,A61,A72,3,A94,A101,1,A122,22,A143,A152,1,A172,1,A191,A201,1
965,A12,30,A32,A43,1715,A65,A73,4,A92,A101,1,A123,26,A143,A152,1,A173,1,A191,A201,1
966,A12,27,A34,A43,2520,A63,A73,4,A93,A101,2,A122,23,A143,A152,2,A172,1,A191,A201,2
967,A14,15,A32,A43,3568,A61,A75,4,A92,A101,2,A123,54,A141,A151,1,A174,1,A192,A201,1
968,A14,42,A32,A43,7166,A65,A74,2,A94,A101,4,A122,29,A143,A151,1,A173,1,A192,A201,1
969,A11,11,A34,A40,3939,A61,A73,1,A93,A101,2,A121,40,A143,A152,2,A172,2,A191,A201,1
970,A12,15,A32,A45,1514,A62,A73,4,A93,A103,2,A121,22,A143,A152,1,A173,1,A191,A201,1
971,A14,24,A32,A40,7393,A61,A73,1,A93,A101,4,A122,43,A143,A152,1,A172,2,A191,A201,1
972,A11,24,A31,A40,1193,A61,A71,1,A92,A102,4,A124,29,A143,A151,2,A171,1,A191,A201,2
973,A11,60,A32,A49,7297,A61,A75,4,A93,A102,4,A124,36,A143,A151,1,A173,1,A191,A201,2
974,A14,30,A34,A43,2831,A61,A73,4,A92,A101,2,A123,33,A143,A152,1,A173,1,A192,A201,1
975,A13,24,A32,A43,1258,A63,A73,3,A92,A101,3,A123,57,A143,A152,1,A172,1,A191,A201,1
976,A12,6,A32,A43,753,A61,A73,2,A92,A103,3,A121,64,A143,A152,1,A173,1,A191,A201,1
977,A12,18,A33,A49,2427,A65,A75,4,A93,A101,2,A122,42,A143,A152,2,A173,1,A191,A201,1
978,A14,24,A33,A40,2538,A61,A75,4,A93,A101,4,A123,47,A143,A152,2,A172,2,A191,A201,2
979,A12,15,A31,A40,1264,A62,A73,2,A94,A101,2,A122,25,A143,A151,1,A173,1,A191,A201,2
980,A12,30,A34,A42,8386,A61,A74,2,A93,A101,2,A122,49,A143,A152,1,A173,1,A191,A201,2
981,A14,48,A32,A49,4844,A61,A71,3,A93,A101,2,A123,33,A141,A151,1,A174,1,A192,A201,2
982,A13,21,A32,A40,2923,A62,A73,1,A92,A101,1,A123,28,A141,A152,1,A174,1,A192,A201,1
983,A11,36,A32,A41,8229,A61,A73,2,A93,A101,2,A122,26,A143,A152,1,A173,2,A191,A201,2
984,A14,24,A34,A42,2028,A61,A74,2,A93,A101,2,A122,30,A143,A152,2,A172,1,A191,A201,1
985,A11,15,A34,A42,1433,A61,A73,4,A92,A101,3,A122,25,A143,A151,2,A173,1,A191,A201,1
986,A13,42,A30,A49,6289,A61,A72,2,A91,A101,1,A122,33,A143,A152,2,A173,1,A191,A201,1
987,A14,13,A32,A43,1409,A62,A71,2,A92,A101,4,A121,64,A143,A152,1,A173,1,A191,A201,1
988,A11,24,A32,A41,6579,A61,A71,4,A93,A101,2,A124,29,A143,A153,1,A174,1,A192,A201,1
989,A12,24,A34,A43,1743,A61,A75,4,A93,A101,2,A122,48,A143,A152,2,A172,1,A191,A201,1
990,A14,12,A34,A46,3565,A65,A72,2,A93,A101,1,A122,37,A143,A152,2,A172,2,A191,A201,1
991,A14,15,A31,A43,1569,A62,A75,4,A93,A101,4,A123,34,A141,A152,1,A172,2,A191,A201,1
992,A11,18,A32,A43,1936,A65,A74,2,A94,A101,4,A123,23,A143,A151,2,A172,1,A191,A201,1
993,A11,36,A32,A42,3959,A61,A71,4,A93,A101,3,A122,30,A143,A152,1,A174,1,A192,A201,1
994,A14,12,A32,A40,2390,A65,A75,4,A93,A101,3,A123,50,A143,A152,1,A173,1,A192,A201,1
995,A14,12,A32,A42,1736,A61,A74,3,A92,A101,4,A121,31,A143,A152,1,A172,1,A191,A201,1
996,A11,30,A32,A41,3857,A61,A73,4,A91,A101,4,A122,40,A143,A152,1,A174,1,A192,A201,1
997,A14,12,A32,A43,804,A61,A75,4,A93,A101,4,A123,38,A143,A152,1,A173,1,A191,A201,1
998,A11,45,A32,A43,1845,A61,A73,4,A93,A101,4,A124,23,A143,A153,1,A173,1,A192,A201,2
999,A12,45,A34,A41,4576,A62,A71,3,A93,A101,4,A123,27,A143,A152,1,A173,1,A191,A201,1
